ROW\COL,A,B,C,D,E,F,G,H,I,J,K,L,M,N,O,P,Q,R,S
1,User/Employee ID,SalesmanCode,Full Name Alt1 (Auto),Job Grade,Position Name (TH),Position Level,Job Function,Division Name,Department Department Name,Section Section Name,Monthly Sales compensation,sales incentive ของเดือน,รอบการจ่าย Incentive,รูปแบบการจ่าย,Fix rate,Staff,Section,Dept Mgr,AD
2,222222,"=IF(IF(VLOOKUP(A2,ASTBase!F:P,11,FALSE)="""","""",VLOOKUP(A2,ASTBase!F:P,11,FALSE))=0,"""",IF(VLOOKUP(A2,ASTBase!F:P,11,FALSE)="""","""",VLOOKUP(A2,ASTBase!F:P,11,FALSE)))","=IF(IFERROR(_xlfn.IFNA(VLOOKUP($A2,'HR Rep'!$A:$X,MATCH('1) For HR'!C$1,'HR Rep'!$A$1:$X$1,0),0),""""),"""")="""","""",IFERROR(_xlfn.IFNA(VLOOKUP($A2,'HR Rep'!$A:$X,MATCH('1) For HR'!C$1,'HR Rep'!$A$1:$X$1,0),0),""""),""""))","=IF(IFERROR(_xlfn.IFNA(VLOOKUP($A2,'HR Rep'!$A:$X,MATCH('1) For HR'!D$1,'HR Rep'!$A$1:$X$1,0),0),""""),"""")="""","""",IFERROR(_xlfn.IFNA(VLOOKUP($A2,'HR Rep'!$A:$X,MATCH('1) For HR'!D$1,'HR Rep'!$A$1:$X$1,0),0),""""),""""))","=IF(IFERROR(_xlfn.IFNA(VLOOKUP($A2,'HR Rep'!$A:$X,MATCH('1) For HR'!E$1,'HR Rep'!$A$1:$X$1,0),0),""""),"""")="""","""",IFERROR(_xlfn.IFNA(VLOOKUP($A2,'HR Rep'!$A:$X,MATCH('1) For HR'!E$1,'HR Rep'!$A$1:$X$1,0),0),""""),""""))","=IF(IFERROR(_xlfn.IFNA(VLOOKUP($A2,'HR Rep'!$A:$X,MATCH('1) For HR'!F$1,'HR Rep'!$A$1:$X$1,0),0),""""),"""")="""","""",IFERROR(_xlfn.IFNA(VLOOKUP($A2,'HR Rep'!$A:$X,MATCH('1) For HR'!F$1,'HR Rep'!$A$1:$X$1,0),0),""""),""""))",MT AD,"=IF(IFERROR(_xlfn.IFNA(VLOOKUP($A2,'HR Rep'!$A:$X,MATCH('1) For HR'!H$1,'HR Rep'!$A$1:$X$1,0),0),""""),"""")="""","""",IFERROR(_xlfn.IFNA(VLOOKUP($A2,'HR Rep'!$A:$X,MATCH('1) For HR'!H$1,'HR Rep'!$A$1:$X$1,0),0),""""),""""))","=IF(IFERROR(_xlfn.IFNA(VLOOKUP($A2,'HR Rep'!$A:$X,MATCH('1) For HR'!I$1,'HR Rep'!$A$1:$X$1,0),0),""""),"""")="""","""",IFERROR(_xlfn.IFNA(VLOOKUP($A2,'HR Rep'!$A:$X,MATCH('1) For HR'!I$1,'HR Rep'!$A$1:$X$1,0),0),""""),""""))","=IF(IFERROR(_xlfn.IFNA(VLOOKUP($A2,'HR Rep'!$A:$X,MATCH('1) For HR'!J$1,'HR Rep'!$A$1:$X$1,0),0),""""),"""")="""","""",IFERROR(_xlfn.IFNA(VLOOKUP($A2,'HR Rep'!$A:$X,MATCH('1) For HR'!J$1,'HR Rep'!$A$1:$X$1,0),0),""""),""""))","=IF(ROUND(P2+Q2+R2+S2,2)<O2,O2,ROUND(P2+Q2+R2+S2,2))",=Period!$A$2,=Period!$B$2,Variable,,"=SUMIFS('3)Target & Cal_Staff'!BN:BN,'3)Target & Cal_Staff'!BM:BM,'1) For HR'!A2)","=SUMIFS('3)Target & Cal_Sect'!BN:BN,'3)Target & Cal_Sect'!BM:BM,'1) For HR'!A2)","=SUMIFS('3)Target & Cal_Dept'!BN:BN,'3)Target & Cal_Dept'!BM:BM,'1) For HR'!A2)","=SUMIFS('3)Target & Cal_AD'!BN:BN,'3)Target & Cal_AD'!BM:BM,'1) For HR'!A2)"
3,222223,"=IF(IF(VLOOKUP(A3,ASTBase!F:P,11,FALSE)="""","""",VLOOKUP(A3,ASTBase!F:P,11,FALSE))=0,"""",IF(VLOOKUP(A3,ASTBase!F:P,11,FALSE)="""","""",VLOOKUP(A3,ASTBase!F:P,11,FALSE)))","=IF(IFERROR(_xlfn.IFNA(VLOOKUP($A3,'HR Rep'!$A:$X,MATCH('1) For HR'!C$1,'HR Rep'!$A$1:$X$1,0),0),""""),"""")="""","""",IFERROR(_xlfn.IFNA(VLOOKUP($A3,'HR Rep'!$A:$X,MATCH('1) For HR'!C$1,'HR Rep'!$A$1:$X$1,0),0),""""),""""))","=IF(IFERROR(_xlfn.IFNA(VLOOKUP($A3,'HR Rep'!$A:$X,MATCH('1) For HR'!D$1,'HR Rep'!$A$1:$X$1,0),0),""""),"""")="""","""",IFERROR(_xlfn.IFNA(VLOOKUP($A3,'HR Rep'!$A:$X,MATCH('1) For HR'!D$1,'HR Rep'!$A$1:$X$1,0),0),""""),""""))","=IF(IFERROR(_xlfn.IFNA(VLOOKUP($A3,'HR Rep'!$A:$X,MATCH('1) For HR'!E$1,'HR Rep'!$A$1:$X$1,0),0),""""),"""")="""","""",IFERROR(_xlfn.IFNA(VLOOKUP($A3,'HR Rep'!$A:$X,MATCH('1) For HR'!E$1,'HR Rep'!$A$1:$X$1,0),0),""""),""""))","=IF(IFERROR(_xlfn.IFNA(VLOOKUP($A3,'HR Rep'!$A:$X,MATCH('1) For HR'!F$1,'HR Rep'!$A$1:$X$1,0),0),""""),"""")="""","""",IFERROR(_xlfn.IFNA(VLOOKUP($A3,'HR Rep'!$A:$X,MATCH('1) For HR'!F$1,'HR Rep'!$A$1:$X$1,0),0),""""),""""))",MT Department Manager,"=IF(IFERROR(_xlfn.IFNA(VLOOKUP($A3,'HR Rep'!$A:$X,MATCH('1) For HR'!H$1,'HR Rep'!$A$1:$X$1,0),0),""""),"""")="""","""",IFERROR(_xlfn.IFNA(VLOOKUP($A3,'HR Rep'!$A:$X,MATCH('1) For HR'!H$1,'HR Rep'!$A$1:$X$1,0),0),""""),""""))","=IF(IFERROR(_xlfn.IFNA(VLOOKUP($A3,'HR Rep'!$A:$X,MATCH('1) For HR'!I$1,'HR Rep'!$A$1:$X$1,0),0),""""),"""")="""","""",IFERROR(_xlfn.IFNA(VLOOKUP($A3,'HR Rep'!$A:$X,MATCH('1) For HR'!I$1,'HR Rep'!$A$1:$X$1,0),0),""""),""""))","=IF(IFERROR(_xlfn.IFNA(VLOOKUP($A3,'HR Rep'!$A:$X,MATCH('1) For HR'!J$1,'HR Rep'!$A$1:$X$1,0),0),""""),"""")="""","""",IFERROR(_xlfn.IFNA(VLOOKUP($A3,'HR Rep'!$A:$X,MATCH('1) For HR'!J$1,'HR Rep'!$A$1:$X$1,0),0),""""),""""))","=IF(ROUND(P3+Q3+R3+S3,2)<O3,O3,ROUND(P3+Q3+R3+S3,2))",=Period!$A$2,=Period!$B$2,Variable,,"=SUMIFS('3)Target & Cal_Staff'!BN:BN,'3)Target & Cal_Staff'!BM:BM,'1) For HR'!A3)","=SUMIFS('3)Target & Cal_Sect'!BN:BN,'3)Target & Cal_Sect'!BM:BM,'1) For HR'!A3)","=SUMIFS('3)Target & Cal_Dept'!BN:BN,'3)Target & Cal_Dept'!BM:BM,'1) For HR'!A3)","=SUMIFS('3)Target & Cal_AD'!BN:BN,'3)Target & Cal_AD'!BM:BM,'1) For HR'!A3)"
4,222234,"=IF(IF(VLOOKUP(A4,ASTBase!F:P,11,FALSE)="""","""",VLOOKUP(A4,ASTBase!F:P,11,FALSE))=0,"""",IF(VLOOKUP(A4,ASTBase!F:P,11,FALSE)="""","""",VLOOKUP(A4,ASTBase!F:P,11,FALSE)))","=IF(IFERROR(_xlfn.IFNA(VLOOKUP($A4,'HR Rep'!$A:$X,MATCH('1) For HR'!C$1,'HR Rep'!$A$1:$X$1,0),0),""""),"""")="""","""",IFERROR(_xlfn.IFNA(VLOOKUP($A4,'HR Rep'!$A:$X,MATCH('1) For HR'!C$1,'HR Rep'!$A$1:$X$1,0),0),""""),""""))","=IF(IFERROR(_xlfn.IFNA(VLOOKUP($A4,'HR Rep'!$A:$X,MATCH('1) For HR'!D$1,'HR Rep'!$A$1:$X$1,0),0),""""),"""")="""","""",IFERROR(_xlfn.IFNA(VLOOKUP($A4,'HR Rep'!$A:$X,MATCH('1) For HR'!D$1,'HR Rep'!$A$1:$X$1,0),0),""""),""""))","=IF(IFERROR(_xlfn.IFNA(VLOOKUP($A4,'HR Rep'!$A:$X,MATCH('1) For HR'!E$1,'HR Rep'!$A$1:$X$1,0),0),""""),"""")="""","""",IFERROR(_xlfn.IFNA(VLOOKUP($A4,'HR Rep'!$A:$X,MATCH('1) For HR'!E$1,'HR Rep'!$A$1:$X$1,0),0),""""),""""))","=IF(IFERROR(_xlfn.IFNA(VLOOKUP($A4,'HR Rep'!$A:$X,MATCH('1) For HR'!F$1,'HR Rep'!$A$1:$X$1,0),0),""""),"""")="""","""",IFERROR(_xlfn.IFNA(VLOOKUP($A4,'HR Rep'!$A:$X,MATCH('1) For HR'!F$1,'HR Rep'!$A$1:$X$1,0),0),""""),""""))",MT Department Manager,"=IF(IFERROR(_xlfn.IFNA(VLOOKUP($A4,'HR Rep'!$A:$X,MATCH('1) For HR'!H$1,'HR Rep'!$A$1:$X$1,0),0),""""),"""")="""","""",IFERROR(_xlfn.IFNA(VLOOKUP($A4,'HR Rep'!$A:$X,MATCH('1) For HR'!H$1,'HR Rep'!$A$1:$X$1,0),0),""""),""""))","=IF(IFERROR(_xlfn.IFNA(VLOOKUP($A4,'HR Rep'!$A:$X,MATCH('1) For HR'!I$1,'HR Rep'!$A$1:$X$1,0),0),""""),"""")="""","""",IFERROR(_xlfn.IFNA(VLOOKUP($A4,'HR Rep'!$A:$X,MATCH('1) For HR'!I$1,'HR Rep'!$A$1:$X$1,0),0),""""),""""))","=IF(IFERROR(_xlfn.IFNA(VLOOKUP($A4,'HR Rep'!$A:$X,MATCH('1) For HR'!J$1,'HR Rep'!$A$1:$X$1,0),0),""""),"""")="""","""",IFERROR(_xlfn.IFNA(VLOOKUP($A4,'HR Rep'!$A:$X,MATCH('1) For HR'!J$1,'HR Rep'!$A$1:$X$1,0),0),""""),""""))","=IF(ROUND(P4+Q4+R4+S4,2)<O4,O4,ROUND(P4+Q4+R4+S4,2))",=Period!$A$2,=Period!$B$2,Variable,,"=SUMIFS('3)Target & Cal_Staff'!BN:BN,'3)Target & Cal_Staff'!BM:BM,'1) For HR'!A4)","=SUMIFS('3)Target & Cal_Sect'!BN:BN,'3)Target & Cal_Sect'!BM:BM,'1) For HR'!A4)","=SUMIFS('3)Target & Cal_Dept'!BN:BN,'3)Target & Cal_Dept'!BM:BM,'1) For HR'!A4)","=SUMIFS('3)Target & Cal_AD'!BN:BN,'3)Target & Cal_AD'!BM:BM,'1) For HR'!A4)"
5,222235,"=IF(IF(VLOOKUP(A5,ASTBase!F:P,11,FALSE)="""","""",VLOOKUP(A5,ASTBase!F:P,11,FALSE))=0,"""",IF(VLOOKUP(A5,ASTBase!F:P,11,FALSE)="""","""",VLOOKUP(A5,ASTBase!F:P,11,FALSE)))","=IF(IFERROR(_xlfn.IFNA(VLOOKUP($A5,'HR Rep'!$A:$X,MATCH('1) For HR'!C$1,'HR Rep'!$A$1:$X$1,0),0),""""),"""")="""","""",IFERROR(_xlfn.IFNA(VLOOKUP($A5,'HR Rep'!$A:$X,MATCH('1) For HR'!C$1,'HR Rep'!$A$1:$X$1,0),0),""""),""""))","=IF(IFERROR(_xlfn.IFNA(VLOOKUP($A5,'HR Rep'!$A:$X,MATCH('1) For HR'!D$1,'HR Rep'!$A$1:$X$1,0),0),""""),"""")="""","""",IFERROR(_xlfn.IFNA(VLOOKUP($A5,'HR Rep'!$A:$X,MATCH('1) For HR'!D$1,'HR Rep'!$A$1:$X$1,0),0),""""),""""))","=IF(IFERROR(_xlfn.IFNA(VLOOKUP($A5,'HR Rep'!$A:$X,MATCH('1) For HR'!E$1,'HR Rep'!$A$1:$X$1,0),0),""""),"""")="""","""",IFERROR(_xlfn.IFNA(VLOOKUP($A5,'HR Rep'!$A:$X,MATCH('1) For HR'!E$1,'HR Rep'!$A$1:$X$1,0),0),""""),""""))","=IF(IFERROR(_xlfn.IFNA(VLOOKUP($A5,'HR Rep'!$A:$X,MATCH('1) For HR'!F$1,'HR Rep'!$A$1:$X$1,0),0),""""),"""")="""","""",IFERROR(_xlfn.IFNA(VLOOKUP($A5,'HR Rep'!$A:$X,MATCH('1) For HR'!F$1,'HR Rep'!$A$1:$X$1,0),0),""""),""""))",MT Section Manager (Cash & Carry),"=IF(IFERROR(_xlfn.IFNA(VLOOKUP($A5,'HR Rep'!$A:$X,MATCH('1) For HR'!H$1,'HR Rep'!$A$1:$X$1,0),0),""""),"""")="""","""",IFERROR(_xlfn.IFNA(VLOOKUP($A5,'HR Rep'!$A:$X,MATCH('1) For HR'!H$1,'HR Rep'!$A$1:$X$1,0),0),""""),""""))","=IF(IFERROR(_xlfn.IFNA(VLOOKUP($A5,'HR Rep'!$A:$X,MATCH('1) For HR'!I$1,'HR Rep'!$A$1:$X$1,0),0),""""),"""")="""","""",IFERROR(_xlfn.IFNA(VLOOKUP($A5,'HR Rep'!$A:$X,MATCH('1) For HR'!I$1,'HR Rep'!$A$1:$X$1,0),0),""""),""""))","=IF(IFERROR(_xlfn.IFNA(VLOOKUP($A5,'HR Rep'!$A:$X,MATCH('1) For HR'!J$1,'HR Rep'!$A$1:$X$1,0),0),""""),"""")="""","""",IFERROR(_xlfn.IFNA(VLOOKUP($A5,'HR Rep'!$A:$X,MATCH('1) For HR'!J$1,'HR Rep'!$A$1:$X$1,0),0),""""),""""))","=IF(ROUND(P5+Q5+R5+S5,2)<O5,O5,ROUND(P5+Q5+R5+S5,2))",=Period!$A$2,=Period!$B$2,Variable,,"=SUMIFS('3)Target & Cal_Staff'!BN:BN,'3)Target & Cal_Staff'!BM:BM,'1) For HR'!A5)","=SUMIFS('3)Target & Cal_Sect'!BN:BN,'3)Target & Cal_Sect'!BM:BM,'1) For HR'!A5)","=SUMIFS('3)Target & Cal_Dept'!BN:BN,'3)Target & Cal_Dept'!BM:BM,'1) For HR'!A5)","=SUMIFS('3)Target & Cal_AD'!BN:BN,'3)Target & Cal_AD'!BM:BM,'1) For HR'!A5)"
6,222237,"=IF(IF(VLOOKUP(A6,ASTBase!F:P,11,FALSE)="""","""",VLOOKUP(A6,ASTBase!F:P,11,FALSE))=0,"""",IF(VLOOKUP(A6,ASTBase!F:P,11,FALSE)="""","""",VLOOKUP(A6,ASTBase!F:P,11,FALSE)))","=IF(IFERROR(_xlfn.IFNA(VLOOKUP($A6,'HR Rep'!$A:$X,MATCH('1) For HR'!C$1,'HR Rep'!$A$1:$X$1,0),0),""""),"""")="""","""",IFERROR(_xlfn.IFNA(VLOOKUP($A6,'HR Rep'!$A:$X,MATCH('1) For HR'!C$1,'HR Rep'!$A$1:$X$1,0),0),""""),""""))","=IF(IFERROR(_xlfn.IFNA(VLOOKUP($A6,'HR Rep'!$A:$X,MATCH('1) For HR'!D$1,'HR Rep'!$A$1:$X$1,0),0),""""),"""")="""","""",IFERROR(_xlfn.IFNA(VLOOKUP($A6,'HR Rep'!$A:$X,MATCH('1) For HR'!D$1,'HR Rep'!$A$1:$X$1,0),0),""""),""""))","=IF(IFERROR(_xlfn.IFNA(VLOOKUP($A6,'HR Rep'!$A:$X,MATCH('1) For HR'!E$1,'HR Rep'!$A$1:$X$1,0),0),""""),"""")="""","""",IFERROR(_xlfn.IFNA(VLOOKUP($A6,'HR Rep'!$A:$X,MATCH('1) For HR'!E$1,'HR Rep'!$A$1:$X$1,0),0),""""),""""))","=IF(IFERROR(_xlfn.IFNA(VLOOKUP($A6,'HR Rep'!$A:$X,MATCH('1) For HR'!F$1,'HR Rep'!$A$1:$X$1,0),0),""""),"""")="""","""",IFERROR(_xlfn.IFNA(VLOOKUP($A6,'HR Rep'!$A:$X,MATCH('1) For HR'!F$1,'HR Rep'!$A$1:$X$1,0),0),""""),""""))",MT Section Manager (All sections excluded Cash & Carry),"=IF(IFERROR(_xlfn.IFNA(VLOOKUP($A6,'HR Rep'!$A:$X,MATCH('1) For HR'!H$1,'HR Rep'!$A$1:$X$1,0),0),""""),"""")="""","""",IFERROR(_xlfn.IFNA(VLOOKUP($A6,'HR Rep'!$A:$X,MATCH('1) For HR'!H$1,'HR Rep'!$A$1:$X$1,0),0),""""),""""))","=IF(IFERROR(_xlfn.IFNA(VLOOKUP($A6,'HR Rep'!$A:$X,MATCH('1) For HR'!I$1,'HR Rep'!$A$1:$X$1,0),0),""""),"""")="""","""",IFERROR(_xlfn.IFNA(VLOOKUP($A6,'HR Rep'!$A:$X,MATCH('1) For HR'!I$1,'HR Rep'!$A$1:$X$1,0),0),""""),""""))","=IF(IFERROR(_xlfn.IFNA(VLOOKUP($A6,'HR Rep'!$A:$X,MATCH('1) For HR'!J$1,'HR Rep'!$A$1:$X$1,0),0),""""),"""")="""","""",IFERROR(_xlfn.IFNA(VLOOKUP($A6,'HR Rep'!$A:$X,MATCH('1) For HR'!J$1,'HR Rep'!$A$1:$X$1,0),0),""""),""""))","=IF(ROUND(P6+Q6+R6+S6,2)<O6,O6,ROUND(P6+Q6+R6+S6,2))",=Period!$A$2,=Period!$B$2,Variable,,"=SUMIFS('3)Target & Cal_Staff'!BN:BN,'3)Target & Cal_Staff'!BM:BM,'1) For HR'!A6)","=SUMIFS('3)Target & Cal_Sect'!BN:BN,'3)Target & Cal_Sect'!BM:BM,'1) For HR'!A6)","=SUMIFS('3)Target & Cal_Dept'!BN:BN,'3)Target & Cal_Dept'!BM:BM,'1) For HR'!A6)","=SUMIFS('3)Target & Cal_AD'!BN:BN,'3)Target & Cal_AD'!BM:BM,'1) For HR'!A6)"
7,222238,"=IF(IF(VLOOKUP(A7,ASTBase!F:P,11,FALSE)="""","""",VLOOKUP(A7,ASTBase!F:P,11,FALSE))=0,"""",IF(VLOOKUP(A7,ASTBase!F:P,11,FALSE)="""","""",VLOOKUP(A7,ASTBase!F:P,11,FALSE)))","=IF(IFERROR(_xlfn.IFNA(VLOOKUP($A7,'HR Rep'!$A:$X,MATCH('1) For HR'!C$1,'HR Rep'!$A$1:$X$1,0),0),""""),"""")="""","""",IFERROR(_xlfn.IFNA(VLOOKUP($A7,'HR Rep'!$A:$X,MATCH('1) For HR'!C$1,'HR Rep'!$A$1:$X$1,0),0),""""),""""))","=IF(IFERROR(_xlfn.IFNA(VLOOKUP($A7,'HR Rep'!$A:$X,MATCH('1) For HR'!D$1,'HR Rep'!$A$1:$X$1,0),0),""""),"""")="""","""",IFERROR(_xlfn.IFNA(VLOOKUP($A7,'HR Rep'!$A:$X,MATCH('1) For HR'!D$1,'HR Rep'!$A$1:$X$1,0),0),""""),""""))","=IF(IFERROR(_xlfn.IFNA(VLOOKUP($A7,'HR Rep'!$A:$X,MATCH('1) For HR'!E$1,'HR Rep'!$A$1:$X$1,0),0),""""),"""")="""","""",IFERROR(_xlfn.IFNA(VLOOKUP($A7,'HR Rep'!$A:$X,MATCH('1) For HR'!E$1,'HR Rep'!$A$1:$X$1,0),0),""""),""""))","=IF(IFERROR(_xlfn.IFNA(VLOOKUP($A7,'HR Rep'!$A:$X,MATCH('1) For HR'!F$1,'HR Rep'!$A$1:$X$1,0),0),""""),"""")="""","""",IFERROR(_xlfn.IFNA(VLOOKUP($A7,'HR Rep'!$A:$X,MATCH('1) For HR'!F$1,'HR Rep'!$A$1:$X$1,0),0),""""),""""))",MT Section Manager (All sections excluded Cash & Carry),"=IF(IFERROR(_xlfn.IFNA(VLOOKUP($A7,'HR Rep'!$A:$X,MATCH('1) For HR'!H$1,'HR Rep'!$A$1:$X$1,0),0),""""),"""")="""","""",IFERROR(_xlfn.IFNA(VLOOKUP($A7,'HR Rep'!$A:$X,MATCH('1) For HR'!H$1,'HR Rep'!$A$1:$X$1,0),0),""""),""""))","=IF(IFERROR(_xlfn.IFNA(VLOOKUP($A7,'HR Rep'!$A:$X,MATCH('1) For HR'!I$1,'HR Rep'!$A$1:$X$1,0),0),""""),"""")="""","""",IFERROR(_xlfn.IFNA(VLOOKUP($A7,'HR Rep'!$A:$X,MATCH('1) For HR'!I$1,'HR Rep'!$A$1:$X$1,0),0),""""),""""))","=IF(IFERROR(_xlfn.IFNA(VLOOKUP($A7,'HR Rep'!$A:$X,MATCH('1) For HR'!J$1,'HR Rep'!$A$1:$X$1,0),0),""""),"""")="""","""",IFERROR(_xlfn.IFNA(VLOOKUP($A7,'HR Rep'!$A:$X,MATCH('1) For HR'!J$1,'HR Rep'!$A$1:$X$1,0),0),""""),""""))","=IF(ROUND(P7+Q7+R7+S7,2)<O7,O7,ROUND(P7+Q7+R7+S7,2))",=Period!$A$2,=Period!$B$2,Variable,,"=SUMIFS('3)Target & Cal_Staff'!BN:BN,'3)Target & Cal_Staff'!BM:BM,'1) For HR'!A7)","=SUMIFS('3)Target & Cal_Sect'!BN:BN,'3)Target & Cal_Sect'!BM:BM,'1) For HR'!A7)","=SUMIFS('3)Target & Cal_Dept'!BN:BN,'3)Target & Cal_Dept'!BM:BM,'1) For HR'!A7)","=SUMIFS('3)Target & Cal_AD'!BN:BN,'3)Target & Cal_AD'!BM:BM,'1) For HR'!A7)"
8,222208,"=IF(IF(VLOOKUP(A8,ASTBase!F:P,11,FALSE)="""","""",VLOOKUP(A8,ASTBase!F:P,11,FALSE))=0,"""",IF(VLOOKUP(A8,ASTBase!F:P,11,FALSE)="""","""",VLOOKUP(A8,ASTBase!F:P,11,FALSE)))","=IF(IFERROR(_xlfn.IFNA(VLOOKUP($A8,'HR Rep'!$A:$X,MATCH('1) For HR'!C$1,'HR Rep'!$A$1:$X$1,0),0),""""),"""")="""","""",IFERROR(_xlfn.IFNA(VLOOKUP($A8,'HR Rep'!$A:$X,MATCH('1) For HR'!C$1,'HR Rep'!$A$1:$X$1,0),0),""""),""""))","=IF(IFERROR(_xlfn.IFNA(VLOOKUP($A8,'HR Rep'!$A:$X,MATCH('1) For HR'!D$1,'HR Rep'!$A$1:$X$1,0),0),""""),"""")="""","""",IFERROR(_xlfn.IFNA(VLOOKUP($A8,'HR Rep'!$A:$X,MATCH('1) For HR'!D$1,'HR Rep'!$A$1:$X$1,0),0),""""),""""))","=IF(IFERROR(_xlfn.IFNA(VLOOKUP($A8,'HR Rep'!$A:$X,MATCH('1) For HR'!E$1,'HR Rep'!$A$1:$X$1,0),0),""""),"""")="""","""",IFERROR(_xlfn.IFNA(VLOOKUP($A8,'HR Rep'!$A:$X,MATCH('1) For HR'!E$1,'HR Rep'!$A$1:$X$1,0),0),""""),""""))","=IF(IFERROR(_xlfn.IFNA(VLOOKUP($A8,'HR Rep'!$A:$X,MATCH('1) For HR'!F$1,'HR Rep'!$A$1:$X$1,0),0),""""),"""")="""","""",IFERROR(_xlfn.IFNA(VLOOKUP($A8,'HR Rep'!$A:$X,MATCH('1) For HR'!F$1,'HR Rep'!$A$1:$X$1,0),0),""""),""""))",MT Section Manager (All sections excluded Cash & Carry),"=IF(IFERROR(_xlfn.IFNA(VLOOKUP($A8,'HR Rep'!$A:$X,MATCH('1) For HR'!H$1,'HR Rep'!$A$1:$X$1,0),0),""""),"""")="""","""",IFERROR(_xlfn.IFNA(VLOOKUP($A8,'HR Rep'!$A:$X,MATCH('1) For HR'!H$1,'HR Rep'!$A$1:$X$1,0),0),""""),""""))","=IF(IFERROR(_xlfn.IFNA(VLOOKUP($A8,'HR Rep'!$A:$X,MATCH('1) For HR'!I$1,'HR Rep'!$A$1:$X$1,0),0),""""),"""")="""","""",IFERROR(_xlfn.IFNA(VLOOKUP($A8,'HR Rep'!$A:$X,MATCH('1) For HR'!I$1,'HR Rep'!$A$1:$X$1,0),0),""""),""""))","=IF(IFERROR(_xlfn.IFNA(VLOOKUP($A8,'HR Rep'!$A:$X,MATCH('1) For HR'!J$1,'HR Rep'!$A$1:$X$1,0),0),""""),"""")="""","""",IFERROR(_xlfn.IFNA(VLOOKUP($A8,'HR Rep'!$A:$X,MATCH('1) For HR'!J$1,'HR Rep'!$A$1:$X$1,0),0),""""),""""))","=IF(ROUND(P8+Q8+R8+S8,2)<O8,O8,ROUND(P8+Q8+R8+S8,2))",=Period!$A$2,=Period!$B$2,Variable,,"=SUMIFS('3)Target & Cal_Staff'!BN:BN,'3)Target & Cal_Staff'!BM:BM,'1) For HR'!A8)","=SUMIFS('3)Target & Cal_Sect'!BN:BN,'3)Target & Cal_Sect'!BM:BM,'1) For HR'!A8)","=SUMIFS('3)Target & Cal_Dept'!BN:BN,'3)Target & Cal_Dept'!BM:BM,'1) For HR'!A8)","=SUMIFS('3)Target & Cal_AD'!BN:BN,'3)Target & Cal_AD'!BM:BM,'1) For HR'!A8)"
9,222236,"=IF(IF(VLOOKUP(A9,ASTBase!F:P,11,FALSE)="""","""",VLOOKUP(A9,ASTBase!F:P,11,FALSE))=0,"""",IF(VLOOKUP(A9,ASTBase!F:P,11,FALSE)="""","""",VLOOKUP(A9,ASTBase!F:P,11,FALSE)))","=IF(IFERROR(_xlfn.IFNA(VLOOKUP($A9,'HR Rep'!$A:$X,MATCH('1) For HR'!C$1,'HR Rep'!$A$1:$X$1,0),0),""""),"""")="""","""",IFERROR(_xlfn.IFNA(VLOOKUP($A9,'HR Rep'!$A:$X,MATCH('1) For HR'!C$1,'HR Rep'!$A$1:$X$1,0),0),""""),""""))","=IF(IFERROR(_xlfn.IFNA(VLOOKUP($A9,'HR Rep'!$A:$X,MATCH('1) For HR'!D$1,'HR Rep'!$A$1:$X$1,0),0),""""),"""")="""","""",IFERROR(_xlfn.IFNA(VLOOKUP($A9,'HR Rep'!$A:$X,MATCH('1) For HR'!D$1,'HR Rep'!$A$1:$X$1,0),0),""""),""""))","=IF(IFERROR(_xlfn.IFNA(VLOOKUP($A9,'HR Rep'!$A:$X,MATCH('1) For HR'!E$1,'HR Rep'!$A$1:$X$1,0),0),""""),"""")="""","""",IFERROR(_xlfn.IFNA(VLOOKUP($A9,'HR Rep'!$A:$X,MATCH('1) For HR'!E$1,'HR Rep'!$A$1:$X$1,0),0),""""),""""))","=IF(IFERROR(_xlfn.IFNA(VLOOKUP($A9,'HR Rep'!$A:$X,MATCH('1) For HR'!F$1,'HR Rep'!$A$1:$X$1,0),0),""""),"""")="""","""",IFERROR(_xlfn.IFNA(VLOOKUP($A9,'HR Rep'!$A:$X,MATCH('1) For HR'!F$1,'HR Rep'!$A$1:$X$1,0),0),""""),""""))",MT Section Manager (All sections excluded Cash & Carry),"=IF(IFERROR(_xlfn.IFNA(VLOOKUP($A9,'HR Rep'!$A:$X,MATCH('1) For HR'!H$1,'HR Rep'!$A$1:$X$1,0),0),""""),"""")="""","""",IFERROR(_xlfn.IFNA(VLOOKUP($A9,'HR Rep'!$A:$X,MATCH('1) For HR'!H$1,'HR Rep'!$A$1:$X$1,0),0),""""),""""))","=IF(IFERROR(_xlfn.IFNA(VLOOKUP($A9,'HR Rep'!$A:$X,MATCH('1) For HR'!I$1,'HR Rep'!$A$1:$X$1,0),0),""""),"""")="""","""",IFERROR(_xlfn.IFNA(VLOOKUP($A9,'HR Rep'!$A:$X,MATCH('1) For HR'!I$1,'HR Rep'!$A$1:$X$1,0),0),""""),""""))","=IF(IFERROR(_xlfn.IFNA(VLOOKUP($A9,'HR Rep'!$A:$X,MATCH('1) For HR'!J$1,'HR Rep'!$A$1:$X$1,0),0),""""),"""")="""","""",IFERROR(_xlfn.IFNA(VLOOKUP($A9,'HR Rep'!$A:$X,MATCH('1) For HR'!J$1,'HR Rep'!$A$1:$X$1,0),0),""""),""""))","=IF(ROUND(P9+Q9+R9+S9,2)<O9,O9,ROUND(P9+Q9+R9+S9,2))",=Period!$A$2,=Period!$B$2,Variable,,"=SUMIFS('3)Target & Cal_Staff'!BN:BN,'3)Target & Cal_Staff'!BM:BM,'1) For HR'!A9)","=SUMIFS('3)Target & Cal_Sect'!BN:BN,'3)Target & Cal_Sect'!BM:BM,'1) For HR'!A9)","=SUMIFS('3)Target & Cal_Dept'!BN:BN,'3)Target & Cal_Dept'!BM:BM,'1) For HR'!A9)","=SUMIFS('3)Target & Cal_AD'!BN:BN,'3)Target & Cal_AD'!BM:BM,'1) For HR'!A9)"
10,222229,"=IF(IF(VLOOKUP(A10,ASTBase!F:P,11,FALSE)="""","""",VLOOKUP(A10,ASTBase!F:P,11,FALSE))=0,"""",IF(VLOOKUP(A10,ASTBase!F:P,11,FALSE)="""","""",VLOOKUP(A10,ASTBase!F:P,11,FALSE)))","=IF(IFERROR(_xlfn.IFNA(VLOOKUP($A10,'HR Rep'!$A:$X,MATCH('1) For HR'!C$1,'HR Rep'!$A$1:$X$1,0),0),""""),"""")="""","""",IFERROR(_xlfn.IFNA(VLOOKUP($A10,'HR Rep'!$A:$X,MATCH('1) For HR'!C$1,'HR Rep'!$A$1:$X$1,0),0),""""),""""))","=IF(IFERROR(_xlfn.IFNA(VLOOKUP($A10,'HR Rep'!$A:$X,MATCH('1) For HR'!D$1,'HR Rep'!$A$1:$X$1,0),0),""""),"""")="""","""",IFERROR(_xlfn.IFNA(VLOOKUP($A10,'HR Rep'!$A:$X,MATCH('1) For HR'!D$1,'HR Rep'!$A$1:$X$1,0),0),""""),""""))","=IF(IFERROR(_xlfn.IFNA(VLOOKUP($A10,'HR Rep'!$A:$X,MATCH('1) For HR'!E$1,'HR Rep'!$A$1:$X$1,0),0),""""),"""")="""","""",IFERROR(_xlfn.IFNA(VLOOKUP($A10,'HR Rep'!$A:$X,MATCH('1) For HR'!E$1,'HR Rep'!$A$1:$X$1,0),0),""""),""""))","=IF(IFERROR(_xlfn.IFNA(VLOOKUP($A10,'HR Rep'!$A:$X,MATCH('1) For HR'!F$1,'HR Rep'!$A$1:$X$1,0),0),""""),"""")="""","""",IFERROR(_xlfn.IFNA(VLOOKUP($A10,'HR Rep'!$A:$X,MATCH('1) For HR'!F$1,'HR Rep'!$A$1:$X$1,0),0),""""),""""))",MT Supervisor (Cash & Carry),"=IF(IFERROR(_xlfn.IFNA(VLOOKUP($A10,'HR Rep'!$A:$X,MATCH('1) For HR'!H$1,'HR Rep'!$A$1:$X$1,0),0),""""),"""")="""","""",IFERROR(_xlfn.IFNA(VLOOKUP($A10,'HR Rep'!$A:$X,MATCH('1) For HR'!H$1,'HR Rep'!$A$1:$X$1,0),0),""""),""""))","=IF(IFERROR(_xlfn.IFNA(VLOOKUP($A10,'HR Rep'!$A:$X,MATCH('1) For HR'!I$1,'HR Rep'!$A$1:$X$1,0),0),""""),"""")="""","""",IFERROR(_xlfn.IFNA(VLOOKUP($A10,'HR Rep'!$A:$X,MATCH('1) For HR'!I$1,'HR Rep'!$A$1:$X$1,0),0),""""),""""))","=IF(IFERROR(_xlfn.IFNA(VLOOKUP($A10,'HR Rep'!$A:$X,MATCH('1) For HR'!J$1,'HR Rep'!$A$1:$X$1,0),0),""""),"""")="""","""",IFERROR(_xlfn.IFNA(VLOOKUP($A10,'HR Rep'!$A:$X,MATCH('1) For HR'!J$1,'HR Rep'!$A$1:$X$1,0),0),""""),""""))","=IF(ROUND(P10+Q10+R10+S10,2)<O10,O10,ROUND(P10+Q10+R10+S10,2))",=Period!$A$2,=Period!$B$2,Variable,,"=SUMIFS('3)Target & Cal_Staff'!BN:BN,'3)Target & Cal_Staff'!BM:BM,'1) For HR'!A10)","=SUMIFS('3)Target & Cal_Sect'!BN:BN,'3)Target & Cal_Sect'!BM:BM,'1) For HR'!A10)","=SUMIFS('3)Target & Cal_Dept'!BN:BN,'3)Target & Cal_Dept'!BM:BM,'1) For HR'!A10)","=SUMIFS('3)Target & Cal_AD'!BN:BN,'3)Target & Cal_AD'!BM:BM,'1) For HR'!A10)"
11,222204,"=IF(IF(VLOOKUP(A11,ASTBase!F:P,11,FALSE)="""","""",VLOOKUP(A11,ASTBase!F:P,11,FALSE))=0,"""",IF(VLOOKUP(A11,ASTBase!F:P,11,FALSE)="""","""",VLOOKUP(A11,ASTBase!F:P,11,FALSE)))","=IF(IFERROR(_xlfn.IFNA(VLOOKUP($A11,'HR Rep'!$A:$X,MATCH('1) For HR'!C$1,'HR Rep'!$A$1:$X$1,0),0),""""),"""")="""","""",IFERROR(_xlfn.IFNA(VLOOKUP($A11,'HR Rep'!$A:$X,MATCH('1) For HR'!C$1,'HR Rep'!$A$1:$X$1,0),0),""""),""""))","=IF(IFERROR(_xlfn.IFNA(VLOOKUP($A11,'HR Rep'!$A:$X,MATCH('1) For HR'!D$1,'HR Rep'!$A$1:$X$1,0),0),""""),"""")="""","""",IFERROR(_xlfn.IFNA(VLOOKUP($A11,'HR Rep'!$A:$X,MATCH('1) For HR'!D$1,'HR Rep'!$A$1:$X$1,0),0),""""),""""))","=IF(IFERROR(_xlfn.IFNA(VLOOKUP($A11,'HR Rep'!$A:$X,MATCH('1) For HR'!E$1,'HR Rep'!$A$1:$X$1,0),0),""""),"""")="""","""",IFERROR(_xlfn.IFNA(VLOOKUP($A11,'HR Rep'!$A:$X,MATCH('1) For HR'!E$1,'HR Rep'!$A$1:$X$1,0),0),""""),""""))","=IF(IFERROR(_xlfn.IFNA(VLOOKUP($A11,'HR Rep'!$A:$X,MATCH('1) For HR'!F$1,'HR Rep'!$A$1:$X$1,0),0),""""),"""")="""","""",IFERROR(_xlfn.IFNA(VLOOKUP($A11,'HR Rep'!$A:$X,MATCH('1) For HR'!F$1,'HR Rep'!$A$1:$X$1,0),0),""""),""""))",MT Supervisor (All sections excluded Cash & Carry),"=IF(IFERROR(_xlfn.IFNA(VLOOKUP($A11,'HR Rep'!$A:$X,MATCH('1) For HR'!H$1,'HR Rep'!$A$1:$X$1,0),0),""""),"""")="""","""",IFERROR(_xlfn.IFNA(VLOOKUP($A11,'HR Rep'!$A:$X,MATCH('1) For HR'!H$1,'HR Rep'!$A$1:$X$1,0),0),""""),""""))","=IF(IFERROR(_xlfn.IFNA(VLOOKUP($A11,'HR Rep'!$A:$X,MATCH('1) For HR'!I$1,'HR Rep'!$A$1:$X$1,0),0),""""),"""")="""","""",IFERROR(_xlfn.IFNA(VLOOKUP($A11,'HR Rep'!$A:$X,MATCH('1) For HR'!I$1,'HR Rep'!$A$1:$X$1,0),0),""""),""""))","=IF(IFERROR(_xlfn.IFNA(VLOOKUP($A11,'HR Rep'!$A:$X,MATCH('1) For HR'!J$1,'HR Rep'!$A$1:$X$1,0),0),""""),"""")="""","""",IFERROR(_xlfn.IFNA(VLOOKUP($A11,'HR Rep'!$A:$X,MATCH('1) For HR'!J$1,'HR Rep'!$A$1:$X$1,0),0),""""),""""))","=IF(ROUND(P11+Q11+R11+S11,2)<O11,O11,ROUND(P11+Q11+R11+S11,2))",=Period!$A$2,=Period!$B$2,Variable,,"=SUMIFS('3)Target & Cal_Staff'!BN:BN,'3)Target & Cal_Staff'!BM:BM,'1) For HR'!A11)","=SUMIFS('3)Target & Cal_Sect'!BN:BN,'3)Target & Cal_Sect'!BM:BM,'1) For HR'!A11)","=SUMIFS('3)Target & Cal_Dept'!BN:BN,'3)Target & Cal_Dept'!BM:BM,'1) For HR'!A11)","=SUMIFS('3)Target & Cal_AD'!BN:BN,'3)Target & Cal_AD'!BM:BM,'1) For HR'!A11)"
12,222207,"=IF(IF(VLOOKUP(A12,ASTBase!F:P,11,FALSE)="""","""",VLOOKUP(A12,ASTBase!F:P,11,FALSE))=0,"""",IF(VLOOKUP(A12,ASTBase!F:P,11,FALSE)="""","""",VLOOKUP(A12,ASTBase!F:P,11,FALSE)))","=IF(IFERROR(_xlfn.IFNA(VLOOKUP($A12,'HR Rep'!$A:$X,MATCH('1) For HR'!C$1,'HR Rep'!$A$1:$X$1,0),0),""""),"""")="""","""",IFERROR(_xlfn.IFNA(VLOOKUP($A12,'HR Rep'!$A:$X,MATCH('1) For HR'!C$1,'HR Rep'!$A$1:$X$1,0),0),""""),""""))","=IF(IFERROR(_xlfn.IFNA(VLOOKUP($A12,'HR Rep'!$A:$X,MATCH('1) For HR'!D$1,'HR Rep'!$A$1:$X$1,0),0),""""),"""")="""","""",IFERROR(_xlfn.IFNA(VLOOKUP($A12,'HR Rep'!$A:$X,MATCH('1) For HR'!D$1,'HR Rep'!$A$1:$X$1,0),0),""""),""""))","=IF(IFERROR(_xlfn.IFNA(VLOOKUP($A12,'HR Rep'!$A:$X,MATCH('1) For HR'!E$1,'HR Rep'!$A$1:$X$1,0),0),""""),"""")="""","""",IFERROR(_xlfn.IFNA(VLOOKUP($A12,'HR Rep'!$A:$X,MATCH('1) For HR'!E$1,'HR Rep'!$A$1:$X$1,0),0),""""),""""))","=IF(IFERROR(_xlfn.IFNA(VLOOKUP($A12,'HR Rep'!$A:$X,MATCH('1) For HR'!F$1,'HR Rep'!$A$1:$X$1,0),0),""""),"""")="""","""",IFERROR(_xlfn.IFNA(VLOOKUP($A12,'HR Rep'!$A:$X,MATCH('1) For HR'!F$1,'HR Rep'!$A$1:$X$1,0),0),""""),""""))",MT Supervisor (Cash & Carry),"=IF(IFERROR(_xlfn.IFNA(VLOOKUP($A12,'HR Rep'!$A:$X,MATCH('1) For HR'!H$1,'HR Rep'!$A$1:$X$1,0),0),""""),"""")="""","""",IFERROR(_xlfn.IFNA(VLOOKUP($A12,'HR Rep'!$A:$X,MATCH('1) For HR'!H$1,'HR Rep'!$A$1:$X$1,0),0),""""),""""))","=IF(IFERROR(_xlfn.IFNA(VLOOKUP($A12,'HR Rep'!$A:$X,MATCH('1) For HR'!I$1,'HR Rep'!$A$1:$X$1,0),0),""""),"""")="""","""",IFERROR(_xlfn.IFNA(VLOOKUP($A12,'HR Rep'!$A:$X,MATCH('1) For HR'!I$1,'HR Rep'!$A$1:$X$1,0),0),""""),""""))","=IF(IFERROR(_xlfn.IFNA(VLOOKUP($A12,'HR Rep'!$A:$X,MATCH('1) For HR'!J$1,'HR Rep'!$A$1:$X$1,0),0),""""),"""")="""","""",IFERROR(_xlfn.IFNA(VLOOKUP($A12,'HR Rep'!$A:$X,MATCH('1) For HR'!J$1,'HR Rep'!$A$1:$X$1,0),0),""""),""""))","=IF(ROUND(P12+Q12+R12+S12,2)<O12,O12,ROUND(P12+Q12+R12+S12,2))",=Period!$A$2,=Period!$B$2,Variable,,"=SUMIFS('3)Target & Cal_Staff'!BN:BN,'3)Target & Cal_Staff'!BM:BM,'1) For HR'!A12)","=SUMIFS('3)Target & Cal_Sect'!BN:BN,'3)Target & Cal_Sect'!BM:BM,'1) For HR'!A12)","=SUMIFS('3)Target & Cal_Dept'!BN:BN,'3)Target & Cal_Dept'!BM:BM,'1) For HR'!A12)","=SUMIFS('3)Target & Cal_AD'!BN:BN,'3)Target & Cal_AD'!BM:BM,'1) For HR'!A12)"
13,222216,"=IF(IF(VLOOKUP(A13,ASTBase!F:P,11,FALSE)="""","""",VLOOKUP(A13,ASTBase!F:P,11,FALSE))=0,"""",IF(VLOOKUP(A13,ASTBase!F:P,11,FALSE)="""","""",VLOOKUP(A13,ASTBase!F:P,11,FALSE)))","=IF(IFERROR(_xlfn.IFNA(VLOOKUP($A13,'HR Rep'!$A:$X,MATCH('1) For HR'!C$1,'HR Rep'!$A$1:$X$1,0),0),""""),"""")="""","""",IFERROR(_xlfn.IFNA(VLOOKUP($A13,'HR Rep'!$A:$X,MATCH('1) For HR'!C$1,'HR Rep'!$A$1:$X$1,0),0),""""),""""))","=IF(IFERROR(_xlfn.IFNA(VLOOKUP($A13,'HR Rep'!$A:$X,MATCH('1) For HR'!D$1,'HR Rep'!$A$1:$X$1,0),0),""""),"""")="""","""",IFERROR(_xlfn.IFNA(VLOOKUP($A13,'HR Rep'!$A:$X,MATCH('1) For HR'!D$1,'HR Rep'!$A$1:$X$1,0),0),""""),""""))","=IF(IFERROR(_xlfn.IFNA(VLOOKUP($A13,'HR Rep'!$A:$X,MATCH('1) For HR'!E$1,'HR Rep'!$A$1:$X$1,0),0),""""),"""")="""","""",IFERROR(_xlfn.IFNA(VLOOKUP($A13,'HR Rep'!$A:$X,MATCH('1) For HR'!E$1,'HR Rep'!$A$1:$X$1,0),0),""""),""""))","=IF(IFERROR(_xlfn.IFNA(VLOOKUP($A13,'HR Rep'!$A:$X,MATCH('1) For HR'!F$1,'HR Rep'!$A$1:$X$1,0),0),""""),"""")="""","""",IFERROR(_xlfn.IFNA(VLOOKUP($A13,'HR Rep'!$A:$X,MATCH('1) For HR'!F$1,'HR Rep'!$A$1:$X$1,0),0),""""),""""))",MT Supervisor (Cash & Carry),"=IF(IFERROR(_xlfn.IFNA(VLOOKUP($A13,'HR Rep'!$A:$X,MATCH('1) For HR'!H$1,'HR Rep'!$A$1:$X$1,0),0),""""),"""")="""","""",IFERROR(_xlfn.IFNA(VLOOKUP($A13,'HR Rep'!$A:$X,MATCH('1) For HR'!H$1,'HR Rep'!$A$1:$X$1,0),0),""""),""""))","=IF(IFERROR(_xlfn.IFNA(VLOOKUP($A13,'HR Rep'!$A:$X,MATCH('1) For HR'!I$1,'HR Rep'!$A$1:$X$1,0),0),""""),"""")="""","""",IFERROR(_xlfn.IFNA(VLOOKUP($A13,'HR Rep'!$A:$X,MATCH('1) For HR'!I$1,'HR Rep'!$A$1:$X$1,0),0),""""),""""))","=IF(IFERROR(_xlfn.IFNA(VLOOKUP($A13,'HR Rep'!$A:$X,MATCH('1) For HR'!J$1,'HR Rep'!$A$1:$X$1,0),0),""""),"""")="""","""",IFERROR(_xlfn.IFNA(VLOOKUP($A13,'HR Rep'!$A:$X,MATCH('1) For HR'!J$1,'HR Rep'!$A$1:$X$1,0),0),""""),""""))","=IF(ROUND(P13+Q13+R13+S13,2)<O13,O13,ROUND(P13+Q13+R13+S13,2))",=Period!$A$2,=Period!$B$2,Variable,,"=SUMIFS('3)Target & Cal_Staff'!BN:BN,'3)Target & Cal_Staff'!BM:BM,'1) For HR'!A13)","=SUMIFS('3)Target & Cal_Sect'!BN:BN,'3)Target & Cal_Sect'!BM:BM,'1) For HR'!A13)","=SUMIFS('3)Target & Cal_Dept'!BN:BN,'3)Target & Cal_Dept'!BM:BM,'1) For HR'!A13)","=SUMIFS('3)Target & Cal_AD'!BN:BN,'3)Target & Cal_AD'!BM:BM,'1) For HR'!A13)"
14,222219,"=IF(IF(VLOOKUP(A14,ASTBase!F:P,11,FALSE)="""","""",VLOOKUP(A14,ASTBase!F:P,11,FALSE))=0,"""",IF(VLOOKUP(A14,ASTBase!F:P,11,FALSE)="""","""",VLOOKUP(A14,ASTBase!F:P,11,FALSE)))","=IF(IFERROR(_xlfn.IFNA(VLOOKUP($A14,'HR Rep'!$A:$X,MATCH('1) For HR'!C$1,'HR Rep'!$A$1:$X$1,0),0),""""),"""")="""","""",IFERROR(_xlfn.IFNA(VLOOKUP($A14,'HR Rep'!$A:$X,MATCH('1) For HR'!C$1,'HR Rep'!$A$1:$X$1,0),0),""""),""""))","=IF(IFERROR(_xlfn.IFNA(VLOOKUP($A14,'HR Rep'!$A:$X,MATCH('1) For HR'!D$1,'HR Rep'!$A$1:$X$1,0),0),""""),"""")="""","""",IFERROR(_xlfn.IFNA(VLOOKUP($A14,'HR Rep'!$A:$X,MATCH('1) For HR'!D$1,'HR Rep'!$A$1:$X$1,0),0),""""),""""))","=IF(IFERROR(_xlfn.IFNA(VLOOKUP($A14,'HR Rep'!$A:$X,MATCH('1) For HR'!E$1,'HR Rep'!$A$1:$X$1,0),0),""""),"""")="""","""",IFERROR(_xlfn.IFNA(VLOOKUP($A14,'HR Rep'!$A:$X,MATCH('1) For HR'!E$1,'HR Rep'!$A$1:$X$1,0),0),""""),""""))","=IF(IFERROR(_xlfn.IFNA(VLOOKUP($A14,'HR Rep'!$A:$X,MATCH('1) For HR'!F$1,'HR Rep'!$A$1:$X$1,0),0),""""),"""")="""","""",IFERROR(_xlfn.IFNA(VLOOKUP($A14,'HR Rep'!$A:$X,MATCH('1) For HR'!F$1,'HR Rep'!$A$1:$X$1,0),0),""""),""""))",MT Supervisor (All sections excluded Cash & Carry),"=IF(IFERROR(_xlfn.IFNA(VLOOKUP($A14,'HR Rep'!$A:$X,MATCH('1) For HR'!H$1,'HR Rep'!$A$1:$X$1,0),0),""""),"""")="""","""",IFERROR(_xlfn.IFNA(VLOOKUP($A14,'HR Rep'!$A:$X,MATCH('1) For HR'!H$1,'HR Rep'!$A$1:$X$1,0),0),""""),""""))","=IF(IFERROR(_xlfn.IFNA(VLOOKUP($A14,'HR Rep'!$A:$X,MATCH('1) For HR'!I$1,'HR Rep'!$A$1:$X$1,0),0),""""),"""")="""","""",IFERROR(_xlfn.IFNA(VLOOKUP($A14,'HR Rep'!$A:$X,MATCH('1) For HR'!I$1,'HR Rep'!$A$1:$X$1,0),0),""""),""""))","=IF(IFERROR(_xlfn.IFNA(VLOOKUP($A14,'HR Rep'!$A:$X,MATCH('1) For HR'!J$1,'HR Rep'!$A$1:$X$1,0),0),""""),"""")="""","""",IFERROR(_xlfn.IFNA(VLOOKUP($A14,'HR Rep'!$A:$X,MATCH('1) For HR'!J$1,'HR Rep'!$A$1:$X$1,0),0),""""),""""))","=IF(ROUND(P14+Q14+R14+S14,2)<O14,O14,ROUND(P14+Q14+R14+S14,2))",=Period!$A$2,=Period!$B$2,Variable,,"=SUMIFS('3)Target & Cal_Staff'!BN:BN,'3)Target & Cal_Staff'!BM:BM,'1) For HR'!A14)","=SUMIFS('3)Target & Cal_Sect'!BN:BN,'3)Target & Cal_Sect'!BM:BM,'1) For HR'!A14)","=SUMIFS('3)Target & Cal_Dept'!BN:BN,'3)Target & Cal_Dept'!BM:BM,'1) For HR'!A14)","=SUMIFS('3)Target & Cal_AD'!BN:BN,'3)Target & Cal_AD'!BM:BM,'1) For HR'!A14)"
15,222205,"=IF(IF(VLOOKUP(A15,ASTBase!F:P,11,FALSE)="""","""",VLOOKUP(A15,ASTBase!F:P,11,FALSE))=0,"""",IF(VLOOKUP(A15,ASTBase!F:P,11,FALSE)="""","""",VLOOKUP(A15,ASTBase!F:P,11,FALSE)))","=IF(IFERROR(_xlfn.IFNA(VLOOKUP($A15,'HR Rep'!$A:$X,MATCH('1) For HR'!C$1,'HR Rep'!$A$1:$X$1,0),0),""""),"""")="""","""",IFERROR(_xlfn.IFNA(VLOOKUP($A15,'HR Rep'!$A:$X,MATCH('1) For HR'!C$1,'HR Rep'!$A$1:$X$1,0),0),""""),""""))","=IF(IFERROR(_xlfn.IFNA(VLOOKUP($A15,'HR Rep'!$A:$X,MATCH('1) For HR'!D$1,'HR Rep'!$A$1:$X$1,0),0),""""),"""")="""","""",IFERROR(_xlfn.IFNA(VLOOKUP($A15,'HR Rep'!$A:$X,MATCH('1) For HR'!D$1,'HR Rep'!$A$1:$X$1,0),0),""""),""""))","=IF(IFERROR(_xlfn.IFNA(VLOOKUP($A15,'HR Rep'!$A:$X,MATCH('1) For HR'!E$1,'HR Rep'!$A$1:$X$1,0),0),""""),"""")="""","""",IFERROR(_xlfn.IFNA(VLOOKUP($A15,'HR Rep'!$A:$X,MATCH('1) For HR'!E$1,'HR Rep'!$A$1:$X$1,0),0),""""),""""))","=IF(IFERROR(_xlfn.IFNA(VLOOKUP($A15,'HR Rep'!$A:$X,MATCH('1) For HR'!F$1,'HR Rep'!$A$1:$X$1,0),0),""""),"""")="""","""",IFERROR(_xlfn.IFNA(VLOOKUP($A15,'HR Rep'!$A:$X,MATCH('1) For HR'!F$1,'HR Rep'!$A$1:$X$1,0),0),""""),""""))",MT Supervisor (All sections excluded Cash & Carry),"=IF(IFERROR(_xlfn.IFNA(VLOOKUP($A15,'HR Rep'!$A:$X,MATCH('1) For HR'!H$1,'HR Rep'!$A$1:$X$1,0),0),""""),"""")="""","""",IFERROR(_xlfn.IFNA(VLOOKUP($A15,'HR Rep'!$A:$X,MATCH('1) For HR'!H$1,'HR Rep'!$A$1:$X$1,0),0),""""),""""))","=IF(IFERROR(_xlfn.IFNA(VLOOKUP($A15,'HR Rep'!$A:$X,MATCH('1) For HR'!I$1,'HR Rep'!$A$1:$X$1,0),0),""""),"""")="""","""",IFERROR(_xlfn.IFNA(VLOOKUP($A15,'HR Rep'!$A:$X,MATCH('1) For HR'!I$1,'HR Rep'!$A$1:$X$1,0),0),""""),""""))","=IF(IFERROR(_xlfn.IFNA(VLOOKUP($A15,'HR Rep'!$A:$X,MATCH('1) For HR'!J$1,'HR Rep'!$A$1:$X$1,0),0),""""),"""")="""","""",IFERROR(_xlfn.IFNA(VLOOKUP($A15,'HR Rep'!$A:$X,MATCH('1) For HR'!J$1,'HR Rep'!$A$1:$X$1,0),0),""""),""""))","=IF(ROUND(P15+Q15+R15+S15,2)<O15,O15,ROUND(P15+Q15+R15+S15,2))",=Period!$A$2,=Period!$B$2,Variable,,"=SUMIFS('3)Target & Cal_Staff'!BN:BN,'3)Target & Cal_Staff'!BM:BM,'1) For HR'!A15)","=SUMIFS('3)Target & Cal_Sect'!BN:BN,'3)Target & Cal_Sect'!BM:BM,'1) For HR'!A15)","=SUMIFS('3)Target & Cal_Dept'!BN:BN,'3)Target & Cal_Dept'!BM:BM,'1) For HR'!A15)","=SUMIFS('3)Target & Cal_AD'!BN:BN,'3)Target & Cal_AD'!BM:BM,'1) For HR'!A15)"
16,222206,"=IF(IF(VLOOKUP(A16,ASTBase!F:P,11,FALSE)="""","""",VLOOKUP(A16,ASTBase!F:P,11,FALSE))=0,"""",IF(VLOOKUP(A16,ASTBase!F:P,11,FALSE)="""","""",VLOOKUP(A16,ASTBase!F:P,11,FALSE)))","=IF(IFERROR(_xlfn.IFNA(VLOOKUP($A16,'HR Rep'!$A:$X,MATCH('1) For HR'!C$1,'HR Rep'!$A$1:$X$1,0),0),""""),"""")="""","""",IFERROR(_xlfn.IFNA(VLOOKUP($A16,'HR Rep'!$A:$X,MATCH('1) For HR'!C$1,'HR Rep'!$A$1:$X$1,0),0),""""),""""))","=IF(IFERROR(_xlfn.IFNA(VLOOKUP($A16,'HR Rep'!$A:$X,MATCH('1) For HR'!D$1,'HR Rep'!$A$1:$X$1,0),0),""""),"""")="""","""",IFERROR(_xlfn.IFNA(VLOOKUP($A16,'HR Rep'!$A:$X,MATCH('1) For HR'!D$1,'HR Rep'!$A$1:$X$1,0),0),""""),""""))","=IF(IFERROR(_xlfn.IFNA(VLOOKUP($A16,'HR Rep'!$A:$X,MATCH('1) For HR'!E$1,'HR Rep'!$A$1:$X$1,0),0),""""),"""")="""","""",IFERROR(_xlfn.IFNA(VLOOKUP($A16,'HR Rep'!$A:$X,MATCH('1) For HR'!E$1,'HR Rep'!$A$1:$X$1,0),0),""""),""""))","=IF(IFERROR(_xlfn.IFNA(VLOOKUP($A16,'HR Rep'!$A:$X,MATCH('1) For HR'!F$1,'HR Rep'!$A$1:$X$1,0),0),""""),"""")="""","""",IFERROR(_xlfn.IFNA(VLOOKUP($A16,'HR Rep'!$A:$X,MATCH('1) For HR'!F$1,'HR Rep'!$A$1:$X$1,0),0),""""),""""))",MT Supervisor (All sections excluded Cash & Carry),"=IF(IFERROR(_xlfn.IFNA(VLOOKUP($A16,'HR Rep'!$A:$X,MATCH('1) For HR'!H$1,'HR Rep'!$A$1:$X$1,0),0),""""),"""")="""","""",IFERROR(_xlfn.IFNA(VLOOKUP($A16,'HR Rep'!$A:$X,MATCH('1) For HR'!H$1,'HR Rep'!$A$1:$X$1,0),0),""""),""""))","=IF(IFERROR(_xlfn.IFNA(VLOOKUP($A16,'HR Rep'!$A:$X,MATCH('1) For HR'!I$1,'HR Rep'!$A$1:$X$1,0),0),""""),"""")="""","""",IFERROR(_xlfn.IFNA(VLOOKUP($A16,'HR Rep'!$A:$X,MATCH('1) For HR'!I$1,'HR Rep'!$A$1:$X$1,0),0),""""),""""))","=IF(IFERROR(_xlfn.IFNA(VLOOKUP($A16,'HR Rep'!$A:$X,MATCH('1) For HR'!J$1,'HR Rep'!$A$1:$X$1,0),0),""""),"""")="""","""",IFERROR(_xlfn.IFNA(VLOOKUP($A16,'HR Rep'!$A:$X,MATCH('1) For HR'!J$1,'HR Rep'!$A$1:$X$1,0),0),""""),""""))","=IF(ROUND(P16+Q16+R16+S16,2)<O16,O16,ROUND(P16+Q16+R16+S16,2))",=Period!$A$2,=Period!$B$2,Variable,,"=SUMIFS('3)Target & Cal_Staff'!BN:BN,'3)Target & Cal_Staff'!BM:BM,'1) For HR'!A16)","=SUMIFS('3)Target & Cal_Sect'!BN:BN,'3)Target & Cal_Sect'!BM:BM,'1) For HR'!A16)","=SUMIFS('3)Target & Cal_Dept'!BN:BN,'3)Target & Cal_Dept'!BM:BM,'1) For HR'!A16)","=SUMIFS('3)Target & Cal_AD'!BN:BN,'3)Target & Cal_AD'!BM:BM,'1) For HR'!A16)"
17,222215,"=IF(IF(VLOOKUP(A17,ASTBase!F:P,11,FALSE)="""","""",VLOOKUP(A17,ASTBase!F:P,11,FALSE))=0,"""",IF(VLOOKUP(A17,ASTBase!F:P,11,FALSE)="""","""",VLOOKUP(A17,ASTBase!F:P,11,FALSE)))","=IF(IFERROR(_xlfn.IFNA(VLOOKUP($A17,'HR Rep'!$A:$X,MATCH('1) For HR'!C$1,'HR Rep'!$A$1:$X$1,0),0),""""),"""")="""","""",IFERROR(_xlfn.IFNA(VLOOKUP($A17,'HR Rep'!$A:$X,MATCH('1) For HR'!C$1,'HR Rep'!$A$1:$X$1,0),0),""""),""""))","=IF(IFERROR(_xlfn.IFNA(VLOOKUP($A17,'HR Rep'!$A:$X,MATCH('1) For HR'!D$1,'HR Rep'!$A$1:$X$1,0),0),""""),"""")="""","""",IFERROR(_xlfn.IFNA(VLOOKUP($A17,'HR Rep'!$A:$X,MATCH('1) For HR'!D$1,'HR Rep'!$A$1:$X$1,0),0),""""),""""))","=IF(IFERROR(_xlfn.IFNA(VLOOKUP($A17,'HR Rep'!$A:$X,MATCH('1) For HR'!E$1,'HR Rep'!$A$1:$X$1,0),0),""""),"""")="""","""",IFERROR(_xlfn.IFNA(VLOOKUP($A17,'HR Rep'!$A:$X,MATCH('1) For HR'!E$1,'HR Rep'!$A$1:$X$1,0),0),""""),""""))","=IF(IFERROR(_xlfn.IFNA(VLOOKUP($A17,'HR Rep'!$A:$X,MATCH('1) For HR'!F$1,'HR Rep'!$A$1:$X$1,0),0),""""),"""")="""","""",IFERROR(_xlfn.IFNA(VLOOKUP($A17,'HR Rep'!$A:$X,MATCH('1) For HR'!F$1,'HR Rep'!$A$1:$X$1,0),0),""""),""""))",MT Supervisor (Cash & Carry),"=IF(IFERROR(_xlfn.IFNA(VLOOKUP($A17,'HR Rep'!$A:$X,MATCH('1) For HR'!H$1,'HR Rep'!$A$1:$X$1,0),0),""""),"""")="""","""",IFERROR(_xlfn.IFNA(VLOOKUP($A17,'HR Rep'!$A:$X,MATCH('1) For HR'!H$1,'HR Rep'!$A$1:$X$1,0),0),""""),""""))","=IF(IFERROR(_xlfn.IFNA(VLOOKUP($A17,'HR Rep'!$A:$X,MATCH('1) For HR'!I$1,'HR Rep'!$A$1:$X$1,0),0),""""),"""")="""","""",IFERROR(_xlfn.IFNA(VLOOKUP($A17,'HR Rep'!$A:$X,MATCH('1) For HR'!I$1,'HR Rep'!$A$1:$X$1,0),0),""""),""""))","=IF(IFERROR(_xlfn.IFNA(VLOOKUP($A17,'HR Rep'!$A:$X,MATCH('1) For HR'!J$1,'HR Rep'!$A$1:$X$1,0),0),""""),"""")="""","""",IFERROR(_xlfn.IFNA(VLOOKUP($A17,'HR Rep'!$A:$X,MATCH('1) For HR'!J$1,'HR Rep'!$A$1:$X$1,0),0),""""),""""))","=IF(ROUND(P17+Q17+R17+S17,2)<O17,O17,ROUND(P17+Q17+R17+S17,2))",=Period!$A$2,=Period!$B$2,Variable,,"=SUMIFS('3)Target & Cal_Staff'!BN:BN,'3)Target & Cal_Staff'!BM:BM,'1) For HR'!A17)","=SUMIFS('3)Target & Cal_Sect'!BN:BN,'3)Target & Cal_Sect'!BM:BM,'1) For HR'!A17)","=SUMIFS('3)Target & Cal_Dept'!BN:BN,'3)Target & Cal_Dept'!BM:BM,'1) For HR'!A17)","=SUMIFS('3)Target & Cal_AD'!BN:BN,'3)Target & Cal_AD'!BM:BM,'1) For HR'!A17)"
18,222213,"=IF(IF(VLOOKUP(A18,ASTBase!F:P,11,FALSE)="""","""",VLOOKUP(A18,ASTBase!F:P,11,FALSE))=0,"""",IF(VLOOKUP(A18,ASTBase!F:P,11,FALSE)="""","""",VLOOKUP(A18,ASTBase!F:P,11,FALSE)))","=IF(IFERROR(_xlfn.IFNA(VLOOKUP($A18,'HR Rep'!$A:$X,MATCH('1) For HR'!C$1,'HR Rep'!$A$1:$X$1,0),0),""""),"""")="""","""",IFERROR(_xlfn.IFNA(VLOOKUP($A18,'HR Rep'!$A:$X,MATCH('1) For HR'!C$1,'HR Rep'!$A$1:$X$1,0),0),""""),""""))","=IF(IFERROR(_xlfn.IFNA(VLOOKUP($A18,'HR Rep'!$A:$X,MATCH('1) For HR'!D$1,'HR Rep'!$A$1:$X$1,0),0),""""),"""")="""","""",IFERROR(_xlfn.IFNA(VLOOKUP($A18,'HR Rep'!$A:$X,MATCH('1) For HR'!D$1,'HR Rep'!$A$1:$X$1,0),0),""""),""""))","=IF(IFERROR(_xlfn.IFNA(VLOOKUP($A18,'HR Rep'!$A:$X,MATCH('1) For HR'!E$1,'HR Rep'!$A$1:$X$1,0),0),""""),"""")="""","""",IFERROR(_xlfn.IFNA(VLOOKUP($A18,'HR Rep'!$A:$X,MATCH('1) For HR'!E$1,'HR Rep'!$A$1:$X$1,0),0),""""),""""))","=IF(IFERROR(_xlfn.IFNA(VLOOKUP($A18,'HR Rep'!$A:$X,MATCH('1) For HR'!F$1,'HR Rep'!$A$1:$X$1,0),0),""""),"""")="""","""",IFERROR(_xlfn.IFNA(VLOOKUP($A18,'HR Rep'!$A:$X,MATCH('1) For HR'!F$1,'HR Rep'!$A$1:$X$1,0),0),""""),""""))",MT Supervisor (All sections excluded Cash & Carry),"=IF(IFERROR(_xlfn.IFNA(VLOOKUP($A18,'HR Rep'!$A:$X,MATCH('1) For HR'!H$1,'HR Rep'!$A$1:$X$1,0),0),""""),"""")="""","""",IFERROR(_xlfn.IFNA(VLOOKUP($A18,'HR Rep'!$A:$X,MATCH('1) For HR'!H$1,'HR Rep'!$A$1:$X$1,0),0),""""),""""))","=IF(IFERROR(_xlfn.IFNA(VLOOKUP($A18,'HR Rep'!$A:$X,MATCH('1) For HR'!I$1,'HR Rep'!$A$1:$X$1,0),0),""""),"""")="""","""",IFERROR(_xlfn.IFNA(VLOOKUP($A18,'HR Rep'!$A:$X,MATCH('1) For HR'!I$1,'HR Rep'!$A$1:$X$1,0),0),""""),""""))","=IF(IFERROR(_xlfn.IFNA(VLOOKUP($A18,'HR Rep'!$A:$X,MATCH('1) For HR'!J$1,'HR Rep'!$A$1:$X$1,0),0),""""),"""")="""","""",IFERROR(_xlfn.IFNA(VLOOKUP($A18,'HR Rep'!$A:$X,MATCH('1) For HR'!J$1,'HR Rep'!$A$1:$X$1,0),0),""""),""""))","=IF(ROUND(P18+Q18+R18+S18,2)<O18,O18,ROUND(P18+Q18+R18+S18,2))",=Period!$A$2,=Period!$B$2,Variable,,"=SUMIFS('3)Target & Cal_Staff'!BN:BN,'3)Target & Cal_Staff'!BM:BM,'1) For HR'!A18)","=SUMIFS('3)Target & Cal_Sect'!BN:BN,'3)Target & Cal_Sect'!BM:BM,'1) For HR'!A18)","=SUMIFS('3)Target & Cal_Dept'!BN:BN,'3)Target & Cal_Dept'!BM:BM,'1) For HR'!A18)","=SUMIFS('3)Target & Cal_AD'!BN:BN,'3)Target & Cal_AD'!BM:BM,'1) For HR'!A18)"
19,222214,"=IF(IF(VLOOKUP(A19,ASTBase!F:P,11,FALSE)="""","""",VLOOKUP(A19,ASTBase!F:P,11,FALSE))=0,"""",IF(VLOOKUP(A19,ASTBase!F:P,11,FALSE)="""","""",VLOOKUP(A19,ASTBase!F:P,11,FALSE)))","=IF(IFERROR(_xlfn.IFNA(VLOOKUP($A19,'HR Rep'!$A:$X,MATCH('1) For HR'!C$1,'HR Rep'!$A$1:$X$1,0),0),""""),"""")="""","""",IFERROR(_xlfn.IFNA(VLOOKUP($A19,'HR Rep'!$A:$X,MATCH('1) For HR'!C$1,'HR Rep'!$A$1:$X$1,0),0),""""),""""))","=IF(IFERROR(_xlfn.IFNA(VLOOKUP($A19,'HR Rep'!$A:$X,MATCH('1) For HR'!D$1,'HR Rep'!$A$1:$X$1,0),0),""""),"""")="""","""",IFERROR(_xlfn.IFNA(VLOOKUP($A19,'HR Rep'!$A:$X,MATCH('1) For HR'!D$1,'HR Rep'!$A$1:$X$1,0),0),""""),""""))","=IF(IFERROR(_xlfn.IFNA(VLOOKUP($A19,'HR Rep'!$A:$X,MATCH('1) For HR'!E$1,'HR Rep'!$A$1:$X$1,0),0),""""),"""")="""","""",IFERROR(_xlfn.IFNA(VLOOKUP($A19,'HR Rep'!$A:$X,MATCH('1) For HR'!E$1,'HR Rep'!$A$1:$X$1,0),0),""""),""""))","=IF(IFERROR(_xlfn.IFNA(VLOOKUP($A19,'HR Rep'!$A:$X,MATCH('1) For HR'!F$1,'HR Rep'!$A$1:$X$1,0),0),""""),"""")="""","""",IFERROR(_xlfn.IFNA(VLOOKUP($A19,'HR Rep'!$A:$X,MATCH('1) For HR'!F$1,'HR Rep'!$A$1:$X$1,0),0),""""),""""))",MT Supervisor (All sections excluded Cash & Carry),"=IF(IFERROR(_xlfn.IFNA(VLOOKUP($A19,'HR Rep'!$A:$X,MATCH('1) For HR'!H$1,'HR Rep'!$A$1:$X$1,0),0),""""),"""")="""","""",IFERROR(_xlfn.IFNA(VLOOKUP($A19,'HR Rep'!$A:$X,MATCH('1) For HR'!H$1,'HR Rep'!$A$1:$X$1,0),0),""""),""""))","=IF(IFERROR(_xlfn.IFNA(VLOOKUP($A19,'HR Rep'!$A:$X,MATCH('1) For HR'!I$1,'HR Rep'!$A$1:$X$1,0),0),""""),"""")="""","""",IFERROR(_xlfn.IFNA(VLOOKUP($A19,'HR Rep'!$A:$X,MATCH('1) For HR'!I$1,'HR Rep'!$A$1:$X$1,0),0),""""),""""))","=IF(IFERROR(_xlfn.IFNA(VLOOKUP($A19,'HR Rep'!$A:$X,MATCH('1) For HR'!J$1,'HR Rep'!$A$1:$X$1,0),0),""""),"""")="""","""",IFERROR(_xlfn.IFNA(VLOOKUP($A19,'HR Rep'!$A:$X,MATCH('1) For HR'!J$1,'HR Rep'!$A$1:$X$1,0),0),""""),""""))","=IF(ROUND(P19+Q19+R19+S19,2)<O19,O19,ROUND(P19+Q19+R19+S19,2))",=Period!$A$2,=Period!$B$2,Variable,,"=SUMIFS('3)Target & Cal_Staff'!BN:BN,'3)Target & Cal_Staff'!BM:BM,'1) For HR'!A19)","=SUMIFS('3)Target & Cal_Sect'!BN:BN,'3)Target & Cal_Sect'!BM:BM,'1) For HR'!A19)","=SUMIFS('3)Target & Cal_Dept'!BN:BN,'3)Target & Cal_Dept'!BM:BM,'1) For HR'!A19)","=SUMIFS('3)Target & Cal_AD'!BN:BN,'3)Target & Cal_AD'!BM:BM,'1) For HR'!A19)"
20,222218,"=IF(IF(VLOOKUP(A20,ASTBase!F:P,11,FALSE)="""","""",VLOOKUP(A20,ASTBase!F:P,11,FALSE))=0,"""",IF(VLOOKUP(A20,ASTBase!F:P,11,FALSE)="""","""",VLOOKUP(A20,ASTBase!F:P,11,FALSE)))","=IF(IFERROR(_xlfn.IFNA(VLOOKUP($A20,'HR Rep'!$A:$X,MATCH('1) For HR'!C$1,'HR Rep'!$A$1:$X$1,0),0),""""),"""")="""","""",IFERROR(_xlfn.IFNA(VLOOKUP($A20,'HR Rep'!$A:$X,MATCH('1) For HR'!C$1,'HR Rep'!$A$1:$X$1,0),0),""""),""""))","=IF(IFERROR(_xlfn.IFNA(VLOOKUP($A20,'HR Rep'!$A:$X,MATCH('1) For HR'!D$1,'HR Rep'!$A$1:$X$1,0),0),""""),"""")="""","""",IFERROR(_xlfn.IFNA(VLOOKUP($A20,'HR Rep'!$A:$X,MATCH('1) For HR'!D$1,'HR Rep'!$A$1:$X$1,0),0),""""),""""))","=IF(IFERROR(_xlfn.IFNA(VLOOKUP($A20,'HR Rep'!$A:$X,MATCH('1) For HR'!E$1,'HR Rep'!$A$1:$X$1,0),0),""""),"""")="""","""",IFERROR(_xlfn.IFNA(VLOOKUP($A20,'HR Rep'!$A:$X,MATCH('1) For HR'!E$1,'HR Rep'!$A$1:$X$1,0),0),""""),""""))","=IF(IFERROR(_xlfn.IFNA(VLOOKUP($A20,'HR Rep'!$A:$X,MATCH('1) For HR'!F$1,'HR Rep'!$A$1:$X$1,0),0),""""),"""")="""","""",IFERROR(_xlfn.IFNA(VLOOKUP($A20,'HR Rep'!$A:$X,MATCH('1) For HR'!F$1,'HR Rep'!$A$1:$X$1,0),0),""""),""""))",MT Supervisor (All sections excluded Cash & Carry),"=IF(IFERROR(_xlfn.IFNA(VLOOKUP($A20,'HR Rep'!$A:$X,MATCH('1) For HR'!H$1,'HR Rep'!$A$1:$X$1,0),0),""""),"""")="""","""",IFERROR(_xlfn.IFNA(VLOOKUP($A20,'HR Rep'!$A:$X,MATCH('1) For HR'!H$1,'HR Rep'!$A$1:$X$1,0),0),""""),""""))","=IF(IFERROR(_xlfn.IFNA(VLOOKUP($A20,'HR Rep'!$A:$X,MATCH('1) For HR'!I$1,'HR Rep'!$A$1:$X$1,0),0),""""),"""")="""","""",IFERROR(_xlfn.IFNA(VLOOKUP($A20,'HR Rep'!$A:$X,MATCH('1) For HR'!I$1,'HR Rep'!$A$1:$X$1,0),0),""""),""""))","=IF(IFERROR(_xlfn.IFNA(VLOOKUP($A20,'HR Rep'!$A:$X,MATCH('1) For HR'!J$1,'HR Rep'!$A$1:$X$1,0),0),""""),"""")="""","""",IFERROR(_xlfn.IFNA(VLOOKUP($A20,'HR Rep'!$A:$X,MATCH('1) For HR'!J$1,'HR Rep'!$A$1:$X$1,0),0),""""),""""))","=IF(ROUND(P20+Q20+R20+S20,2)<O20,O20,ROUND(P20+Q20+R20+S20,2))",=Period!$A$2,=Period!$B$2,Variable,,"=SUMIFS('3)Target & Cal_Staff'!BN:BN,'3)Target & Cal_Staff'!BM:BM,'1) For HR'!A20)","=SUMIFS('3)Target & Cal_Sect'!BN:BN,'3)Target & Cal_Sect'!BM:BM,'1) For HR'!A20)","=SUMIFS('3)Target & Cal_Dept'!BN:BN,'3)Target & Cal_Dept'!BM:BM,'1) For HR'!A20)","=SUMIFS('3)Target & Cal_AD'!BN:BN,'3)Target & Cal_AD'!BM:BM,'1) For HR'!A20)"
21,222203,"=IF(IF(VLOOKUP(A21,ASTBase!F:P,11,FALSE)="""","""",VLOOKUP(A21,ASTBase!F:P,11,FALSE))=0,"""",IF(VLOOKUP(A21,ASTBase!F:P,11,FALSE)="""","""",VLOOKUP(A21,ASTBase!F:P,11,FALSE)))","=IF(IFERROR(_xlfn.IFNA(VLOOKUP($A21,'HR Rep'!$A:$X,MATCH('1) For HR'!C$1,'HR Rep'!$A$1:$X$1,0),0),""""),"""")="""","""",IFERROR(_xlfn.IFNA(VLOOKUP($A21,'HR Rep'!$A:$X,MATCH('1) For HR'!C$1,'HR Rep'!$A$1:$X$1,0),0),""""),""""))","=IF(IFERROR(_xlfn.IFNA(VLOOKUP($A21,'HR Rep'!$A:$X,MATCH('1) For HR'!D$1,'HR Rep'!$A$1:$X$1,0),0),""""),"""")="""","""",IFERROR(_xlfn.IFNA(VLOOKUP($A21,'HR Rep'!$A:$X,MATCH('1) For HR'!D$1,'HR Rep'!$A$1:$X$1,0),0),""""),""""))","=IF(IFERROR(_xlfn.IFNA(VLOOKUP($A21,'HR Rep'!$A:$X,MATCH('1) For HR'!E$1,'HR Rep'!$A$1:$X$1,0),0),""""),"""")="""","""",IFERROR(_xlfn.IFNA(VLOOKUP($A21,'HR Rep'!$A:$X,MATCH('1) For HR'!E$1,'HR Rep'!$A$1:$X$1,0),0),""""),""""))","=IF(IFERROR(_xlfn.IFNA(VLOOKUP($A21,'HR Rep'!$A:$X,MATCH('1) For HR'!F$1,'HR Rep'!$A$1:$X$1,0),0),""""),"""")="""","""",IFERROR(_xlfn.IFNA(VLOOKUP($A21,'HR Rep'!$A:$X,MATCH('1) For HR'!F$1,'HR Rep'!$A$1:$X$1,0),0),""""),""""))",MT Supervisor (All sections excluded Cash & Carry),"=IF(IFERROR(_xlfn.IFNA(VLOOKUP($A21,'HR Rep'!$A:$X,MATCH('1) For HR'!H$1,'HR Rep'!$A$1:$X$1,0),0),""""),"""")="""","""",IFERROR(_xlfn.IFNA(VLOOKUP($A21,'HR Rep'!$A:$X,MATCH('1) For HR'!H$1,'HR Rep'!$A$1:$X$1,0),0),""""),""""))","=IF(IFERROR(_xlfn.IFNA(VLOOKUP($A21,'HR Rep'!$A:$X,MATCH('1) For HR'!I$1,'HR Rep'!$A$1:$X$1,0),0),""""),"""")="""","""",IFERROR(_xlfn.IFNA(VLOOKUP($A21,'HR Rep'!$A:$X,MATCH('1) For HR'!I$1,'HR Rep'!$A$1:$X$1,0),0),""""),""""))","=IF(IFERROR(_xlfn.IFNA(VLOOKUP($A21,'HR Rep'!$A:$X,MATCH('1) For HR'!J$1,'HR Rep'!$A$1:$X$1,0),0),""""),"""")="""","""",IFERROR(_xlfn.IFNA(VLOOKUP($A21,'HR Rep'!$A:$X,MATCH('1) For HR'!J$1,'HR Rep'!$A$1:$X$1,0),0),""""),""""))","=IF(ROUND(P21+Q21+R21+S21,2)<O21,O21,ROUND(P21+Q21+R21+S21,2))",=Period!$A$2,=Period!$B$2,Variable,,"=SUMIFS('3)Target & Cal_Staff'!BN:BN,'3)Target & Cal_Staff'!BM:BM,'1) For HR'!A21)","=SUMIFS('3)Target & Cal_Sect'!BN:BN,'3)Target & Cal_Sect'!BM:BM,'1) For HR'!A21)","=SUMIFS('3)Target & Cal_Dept'!BN:BN,'3)Target & Cal_Dept'!BM:BM,'1) For HR'!A21)","=SUMIFS('3)Target & Cal_AD'!BN:BN,'3)Target & Cal_AD'!BM:BM,'1) For HR'!A21)"
22,222212,"=IF(IF(VLOOKUP(A22,ASTBase!F:P,11,FALSE)="""","""",VLOOKUP(A22,ASTBase!F:P,11,FALSE))=0,"""",IF(VLOOKUP(A22,ASTBase!F:P,11,FALSE)="""","""",VLOOKUP(A22,ASTBase!F:P,11,FALSE)))","=IF(IFERROR(_xlfn.IFNA(VLOOKUP($A22,'HR Rep'!$A:$X,MATCH('1) For HR'!C$1,'HR Rep'!$A$1:$X$1,0),0),""""),"""")="""","""",IFERROR(_xlfn.IFNA(VLOOKUP($A22,'HR Rep'!$A:$X,MATCH('1) For HR'!C$1,'HR Rep'!$A$1:$X$1,0),0),""""),""""))","=IF(IFERROR(_xlfn.IFNA(VLOOKUP($A22,'HR Rep'!$A:$X,MATCH('1) For HR'!D$1,'HR Rep'!$A$1:$X$1,0),0),""""),"""")="""","""",IFERROR(_xlfn.IFNA(VLOOKUP($A22,'HR Rep'!$A:$X,MATCH('1) For HR'!D$1,'HR Rep'!$A$1:$X$1,0),0),""""),""""))","=IF(IFERROR(_xlfn.IFNA(VLOOKUP($A22,'HR Rep'!$A:$X,MATCH('1) For HR'!E$1,'HR Rep'!$A$1:$X$1,0),0),""""),"""")="""","""",IFERROR(_xlfn.IFNA(VLOOKUP($A22,'HR Rep'!$A:$X,MATCH('1) For HR'!E$1,'HR Rep'!$A$1:$X$1,0),0),""""),""""))","=IF(IFERROR(_xlfn.IFNA(VLOOKUP($A22,'HR Rep'!$A:$X,MATCH('1) For HR'!F$1,'HR Rep'!$A$1:$X$1,0),0),""""),"""")="""","""",IFERROR(_xlfn.IFNA(VLOOKUP($A22,'HR Rep'!$A:$X,MATCH('1) For HR'!F$1,'HR Rep'!$A$1:$X$1,0),0),""""),""""))",MT Supervisor (All sections excluded Cash & Carry),"=IF(IFERROR(_xlfn.IFNA(VLOOKUP($A22,'HR Rep'!$A:$X,MATCH('1) For HR'!H$1,'HR Rep'!$A$1:$X$1,0),0),""""),"""")="""","""",IFERROR(_xlfn.IFNA(VLOOKUP($A22,'HR Rep'!$A:$X,MATCH('1) For HR'!H$1,'HR Rep'!$A$1:$X$1,0),0),""""),""""))","=IF(IFERROR(_xlfn.IFNA(VLOOKUP($A22,'HR Rep'!$A:$X,MATCH('1) For HR'!I$1,'HR Rep'!$A$1:$X$1,0),0),""""),"""")="""","""",IFERROR(_xlfn.IFNA(VLOOKUP($A22,'HR Rep'!$A:$X,MATCH('1) For HR'!I$1,'HR Rep'!$A$1:$X$1,0),0),""""),""""))","=IF(IFERROR(_xlfn.IFNA(VLOOKUP($A22,'HR Rep'!$A:$X,MATCH('1) For HR'!J$1,'HR Rep'!$A$1:$X$1,0),0),""""),"""")="""","""",IFERROR(_xlfn.IFNA(VLOOKUP($A22,'HR Rep'!$A:$X,MATCH('1) For HR'!J$1,'HR Rep'!$A$1:$X$1,0),0),""""),""""))","=IF(ROUND(P22+Q22+R22+S22,2)<O22,O22,ROUND(P22+Q22+R22+S22,2))",=Period!$A$2,=Period!$B$2,Variable,,"=SUMIFS('3)Target & Cal_Staff'!BN:BN,'3)Target & Cal_Staff'!BM:BM,'1) For HR'!A22)","=SUMIFS('3)Target & Cal_Sect'!BN:BN,'3)Target & Cal_Sect'!BM:BM,'1) For HR'!A22)","=SUMIFS('3)Target & Cal_Dept'!BN:BN,'3)Target & Cal_Dept'!BM:BM,'1) For HR'!A22)","=SUMIFS('3)Target & Cal_AD'!BN:BN,'3)Target & Cal_AD'!BM:BM,'1) For HR'!A22)"
23,222211,"=IF(IF(VLOOKUP(A23,ASTBase!F:P,11,FALSE)="""","""",VLOOKUP(A23,ASTBase!F:P,11,FALSE))=0,"""",IF(VLOOKUP(A23,ASTBase!F:P,11,FALSE)="""","""",VLOOKUP(A23,ASTBase!F:P,11,FALSE)))","=IF(IFERROR(_xlfn.IFNA(VLOOKUP($A23,'HR Rep'!$A:$X,MATCH('1) For HR'!C$1,'HR Rep'!$A$1:$X$1,0),0),""""),"""")="""","""",IFERROR(_xlfn.IFNA(VLOOKUP($A23,'HR Rep'!$A:$X,MATCH('1) For HR'!C$1,'HR Rep'!$A$1:$X$1,0),0),""""),""""))","=IF(IFERROR(_xlfn.IFNA(VLOOKUP($A23,'HR Rep'!$A:$X,MATCH('1) For HR'!D$1,'HR Rep'!$A$1:$X$1,0),0),""""),"""")="""","""",IFERROR(_xlfn.IFNA(VLOOKUP($A23,'HR Rep'!$A:$X,MATCH('1) For HR'!D$1,'HR Rep'!$A$1:$X$1,0),0),""""),""""))","=IF(IFERROR(_xlfn.IFNA(VLOOKUP($A23,'HR Rep'!$A:$X,MATCH('1) For HR'!E$1,'HR Rep'!$A$1:$X$1,0),0),""""),"""")="""","""",IFERROR(_xlfn.IFNA(VLOOKUP($A23,'HR Rep'!$A:$X,MATCH('1) For HR'!E$1,'HR Rep'!$A$1:$X$1,0),0),""""),""""))","=IF(IFERROR(_xlfn.IFNA(VLOOKUP($A23,'HR Rep'!$A:$X,MATCH('1) For HR'!F$1,'HR Rep'!$A$1:$X$1,0),0),""""),"""")="""","""",IFERROR(_xlfn.IFNA(VLOOKUP($A23,'HR Rep'!$A:$X,MATCH('1) For HR'!F$1,'HR Rep'!$A$1:$X$1,0),0),""""),""""))",MT Supervisor (All sections excluded Cash & Carry),"=IF(IFERROR(_xlfn.IFNA(VLOOKUP($A23,'HR Rep'!$A:$X,MATCH('1) For HR'!H$1,'HR Rep'!$A$1:$X$1,0),0),""""),"""")="""","""",IFERROR(_xlfn.IFNA(VLOOKUP($A23,'HR Rep'!$A:$X,MATCH('1) For HR'!H$1,'HR Rep'!$A$1:$X$1,0),0),""""),""""))","=IF(IFERROR(_xlfn.IFNA(VLOOKUP($A23,'HR Rep'!$A:$X,MATCH('1) For HR'!I$1,'HR Rep'!$A$1:$X$1,0),0),""""),"""")="""","""",IFERROR(_xlfn.IFNA(VLOOKUP($A23,'HR Rep'!$A:$X,MATCH('1) For HR'!I$1,'HR Rep'!$A$1:$X$1,0),0),""""),""""))","=IF(IFERROR(_xlfn.IFNA(VLOOKUP($A23,'HR Rep'!$A:$X,MATCH('1) For HR'!J$1,'HR Rep'!$A$1:$X$1,0),0),""""),"""")="""","""",IFERROR(_xlfn.IFNA(VLOOKUP($A23,'HR Rep'!$A:$X,MATCH('1) For HR'!J$1,'HR Rep'!$A$1:$X$1,0),0),""""),""""))","=IF(ROUND(P23+Q23+R23+S23,2)<O23,O23,ROUND(P23+Q23+R23+S23,2))",=Period!$A$2,=Period!$B$2,Variable,,"=SUMIFS('3)Target & Cal_Staff'!BN:BN,'3)Target & Cal_Staff'!BM:BM,'1) For HR'!A23)","=SUMIFS('3)Target & Cal_Sect'!BN:BN,'3)Target & Cal_Sect'!BM:BM,'1) For HR'!A23)","=SUMIFS('3)Target & Cal_Dept'!BN:BN,'3)Target & Cal_Dept'!BM:BM,'1) For HR'!A23)","=SUMIFS('3)Target & Cal_AD'!BN:BN,'3)Target & Cal_AD'!BM:BM,'1) For HR'!A23)"
24,222210,"=IF(IF(VLOOKUP(A24,ASTBase!F:P,11,FALSE)="""","""",VLOOKUP(A24,ASTBase!F:P,11,FALSE))=0,"""",IF(VLOOKUP(A24,ASTBase!F:P,11,FALSE)="""","""",VLOOKUP(A24,ASTBase!F:P,11,FALSE)))","=IF(IFERROR(_xlfn.IFNA(VLOOKUP($A24,'HR Rep'!$A:$X,MATCH('1) For HR'!C$1,'HR Rep'!$A$1:$X$1,0),0),""""),"""")="""","""",IFERROR(_xlfn.IFNA(VLOOKUP($A24,'HR Rep'!$A:$X,MATCH('1) For HR'!C$1,'HR Rep'!$A$1:$X$1,0),0),""""),""""))","=IF(IFERROR(_xlfn.IFNA(VLOOKUP($A24,'HR Rep'!$A:$X,MATCH('1) For HR'!D$1,'HR Rep'!$A$1:$X$1,0),0),""""),"""")="""","""",IFERROR(_xlfn.IFNA(VLOOKUP($A24,'HR Rep'!$A:$X,MATCH('1) For HR'!D$1,'HR Rep'!$A$1:$X$1,0),0),""""),""""))","=IF(IFERROR(_xlfn.IFNA(VLOOKUP($A24,'HR Rep'!$A:$X,MATCH('1) For HR'!E$1,'HR Rep'!$A$1:$X$1,0),0),""""),"""")="""","""",IFERROR(_xlfn.IFNA(VLOOKUP($A24,'HR Rep'!$A:$X,MATCH('1) For HR'!E$1,'HR Rep'!$A$1:$X$1,0),0),""""),""""))","=IF(IFERROR(_xlfn.IFNA(VLOOKUP($A24,'HR Rep'!$A:$X,MATCH('1) For HR'!F$1,'HR Rep'!$A$1:$X$1,0),0),""""),"""")="""","""",IFERROR(_xlfn.IFNA(VLOOKUP($A24,'HR Rep'!$A:$X,MATCH('1) For HR'!F$1,'HR Rep'!$A$1:$X$1,0),0),""""),""""))",MT Staff,"=IF(IFERROR(_xlfn.IFNA(VLOOKUP($A24,'HR Rep'!$A:$X,MATCH('1) For HR'!H$1,'HR Rep'!$A$1:$X$1,0),0),""""),"""")="""","""",IFERROR(_xlfn.IFNA(VLOOKUP($A24,'HR Rep'!$A:$X,MATCH('1) For HR'!H$1,'HR Rep'!$A$1:$X$1,0),0),""""),""""))","=IF(IFERROR(_xlfn.IFNA(VLOOKUP($A24,'HR Rep'!$A:$X,MATCH('1) For HR'!I$1,'HR Rep'!$A$1:$X$1,0),0),""""),"""")="""","""",IFERROR(_xlfn.IFNA(VLOOKUP($A24,'HR Rep'!$A:$X,MATCH('1) For HR'!I$1,'HR Rep'!$A$1:$X$1,0),0),""""),""""))","=IF(IFERROR(_xlfn.IFNA(VLOOKUP($A24,'HR Rep'!$A:$X,MATCH('1) For HR'!J$1,'HR Rep'!$A$1:$X$1,0),0),""""),"""")="""","""",IFERROR(_xlfn.IFNA(VLOOKUP($A24,'HR Rep'!$A:$X,MATCH('1) For HR'!J$1,'HR Rep'!$A$1:$X$1,0),0),""""),""""))","=IF(ROUND(P24+Q24+R24+S24,2)<O24,O24,ROUND(P24+Q24+R24+S24,2))",=Period!$A$2,=Period!$B$2,Variable,,"=SUMIFS('3)Target & Cal_Staff'!BN:BN,'3)Target & Cal_Staff'!BM:BM,'1) For HR'!A24)","=SUMIFS('3)Target & Cal_Sect'!BN:BN,'3)Target & Cal_Sect'!BM:BM,'1) For HR'!A24)","=SUMIFS('3)Target & Cal_Dept'!BN:BN,'3)Target & Cal_Dept'!BM:BM,'1) For HR'!A24)","=SUMIFS('3)Target & Cal_AD'!BN:BN,'3)Target & Cal_AD'!BM:BM,'1) For HR'!A24)"
25,222202,"=IF(IF(VLOOKUP(A25,ASTBase!F:P,11,FALSE)="""","""",VLOOKUP(A25,ASTBase!F:P,11,FALSE))=0,"""",IF(VLOOKUP(A25,ASTBase!F:P,11,FALSE)="""","""",VLOOKUP(A25,ASTBase!F:P,11,FALSE)))","=IF(IFERROR(_xlfn.IFNA(VLOOKUP($A25,'HR Rep'!$A:$X,MATCH('1) For HR'!C$1,'HR Rep'!$A$1:$X$1,0),0),""""),"""")="""","""",IFERROR(_xlfn.IFNA(VLOOKUP($A25,'HR Rep'!$A:$X,MATCH('1) For HR'!C$1,'HR Rep'!$A$1:$X$1,0),0),""""),""""))","=IF(IFERROR(_xlfn.IFNA(VLOOKUP($A25,'HR Rep'!$A:$X,MATCH('1) For HR'!D$1,'HR Rep'!$A$1:$X$1,0),0),""""),"""")="""","""",IFERROR(_xlfn.IFNA(VLOOKUP($A25,'HR Rep'!$A:$X,MATCH('1) For HR'!D$1,'HR Rep'!$A$1:$X$1,0),0),""""),""""))","=IF(IFERROR(_xlfn.IFNA(VLOOKUP($A25,'HR Rep'!$A:$X,MATCH('1) For HR'!E$1,'HR Rep'!$A$1:$X$1,0),0),""""),"""")="""","""",IFERROR(_xlfn.IFNA(VLOOKUP($A25,'HR Rep'!$A:$X,MATCH('1) For HR'!E$1,'HR Rep'!$A$1:$X$1,0),0),""""),""""))","=IF(IFERROR(_xlfn.IFNA(VLOOKUP($A25,'HR Rep'!$A:$X,MATCH('1) For HR'!F$1,'HR Rep'!$A$1:$X$1,0),0),""""),"""")="""","""",IFERROR(_xlfn.IFNA(VLOOKUP($A25,'HR Rep'!$A:$X,MATCH('1) For HR'!F$1,'HR Rep'!$A$1:$X$1,0),0),""""),""""))",MT Staff,"=IF(IFERROR(_xlfn.IFNA(VLOOKUP($A25,'HR Rep'!$A:$X,MATCH('1) For HR'!H$1,'HR Rep'!$A$1:$X$1,0),0),""""),"""")="""","""",IFERROR(_xlfn.IFNA(VLOOKUP($A25,'HR Rep'!$A:$X,MATCH('1) For HR'!H$1,'HR Rep'!$A$1:$X$1,0),0),""""),""""))","=IF(IFERROR(_xlfn.IFNA(VLOOKUP($A25,'HR Rep'!$A:$X,MATCH('1) For HR'!I$1,'HR Rep'!$A$1:$X$1,0),0),""""),"""")="""","""",IFERROR(_xlfn.IFNA(VLOOKUP($A25,'HR Rep'!$A:$X,MATCH('1) For HR'!I$1,'HR Rep'!$A$1:$X$1,0),0),""""),""""))","=IF(IFERROR(_xlfn.IFNA(VLOOKUP($A25,'HR Rep'!$A:$X,MATCH('1) For HR'!J$1,'HR Rep'!$A$1:$X$1,0),0),""""),"""")="""","""",IFERROR(_xlfn.IFNA(VLOOKUP($A25,'HR Rep'!$A:$X,MATCH('1) For HR'!J$1,'HR Rep'!$A$1:$X$1,0),0),""""),""""))","=IF(ROUND(P25+Q25+R25+S25,2)<O25,O25,ROUND(P25+Q25+R25+S25,2))",=Period!$A$2,=Period!$B$2,Variable,,"=SUMIFS('3)Target & Cal_Staff'!BN:BN,'3)Target & Cal_Staff'!BM:BM,'1) For HR'!A25)","=SUMIFS('3)Target & Cal_Sect'!BN:BN,'3)Target & Cal_Sect'!BM:BM,'1) For HR'!A25)","=SUMIFS('3)Target & Cal_Dept'!BN:BN,'3)Target & Cal_Dept'!BM:BM,'1) For HR'!A25)","=SUMIFS('3)Target & Cal_AD'!BN:BN,'3)Target & Cal_AD'!BM:BM,'1) For HR'!A25)"
26,222209,"=IF(IF(VLOOKUP(A26,ASTBase!F:P,11,FALSE)="""","""",VLOOKUP(A26,ASTBase!F:P,11,FALSE))=0,"""",IF(VLOOKUP(A26,ASTBase!F:P,11,FALSE)="""","""",VLOOKUP(A26,ASTBase!F:P,11,FALSE)))","=IF(IFERROR(_xlfn.IFNA(VLOOKUP($A26,'HR Rep'!$A:$X,MATCH('1) For HR'!C$1,'HR Rep'!$A$1:$X$1,0),0),""""),"""")="""","""",IFERROR(_xlfn.IFNA(VLOOKUP($A26,'HR Rep'!$A:$X,MATCH('1) For HR'!C$1,'HR Rep'!$A$1:$X$1,0),0),""""),""""))","=IF(IFERROR(_xlfn.IFNA(VLOOKUP($A26,'HR Rep'!$A:$X,MATCH('1) For HR'!D$1,'HR Rep'!$A$1:$X$1,0),0),""""),"""")="""","""",IFERROR(_xlfn.IFNA(VLOOKUP($A26,'HR Rep'!$A:$X,MATCH('1) For HR'!D$1,'HR Rep'!$A$1:$X$1,0),0),""""),""""))","=IF(IFERROR(_xlfn.IFNA(VLOOKUP($A26,'HR Rep'!$A:$X,MATCH('1) For HR'!E$1,'HR Rep'!$A$1:$X$1,0),0),""""),"""")="""","""",IFERROR(_xlfn.IFNA(VLOOKUP($A26,'HR Rep'!$A:$X,MATCH('1) For HR'!E$1,'HR Rep'!$A$1:$X$1,0),0),""""),""""))","=IF(IFERROR(_xlfn.IFNA(VLOOKUP($A26,'HR Rep'!$A:$X,MATCH('1) For HR'!F$1,'HR Rep'!$A$1:$X$1,0),0),""""),"""")="""","""",IFERROR(_xlfn.IFNA(VLOOKUP($A26,'HR Rep'!$A:$X,MATCH('1) For HR'!F$1,'HR Rep'!$A$1:$X$1,0),0),""""),""""))",MT Staff,"=IF(IFERROR(_xlfn.IFNA(VLOOKUP($A26,'HR Rep'!$A:$X,MATCH('1) For HR'!H$1,'HR Rep'!$A$1:$X$1,0),0),""""),"""")="""","""",IFERROR(_xlfn.IFNA(VLOOKUP($A26,'HR Rep'!$A:$X,MATCH('1) For HR'!H$1,'HR Rep'!$A$1:$X$1,0),0),""""),""""))","=IF(IFERROR(_xlfn.IFNA(VLOOKUP($A26,'HR Rep'!$A:$X,MATCH('1) For HR'!I$1,'HR Rep'!$A$1:$X$1,0),0),""""),"""")="""","""",IFERROR(_xlfn.IFNA(VLOOKUP($A26,'HR Rep'!$A:$X,MATCH('1) For HR'!I$1,'HR Rep'!$A$1:$X$1,0),0),""""),""""))","=IF(IFERROR(_xlfn.IFNA(VLOOKUP($A26,'HR Rep'!$A:$X,MATCH('1) For HR'!J$1,'HR Rep'!$A$1:$X$1,0),0),""""),"""")="""","""",IFERROR(_xlfn.IFNA(VLOOKUP($A26,'HR Rep'!$A:$X,MATCH('1) For HR'!J$1,'HR Rep'!$A$1:$X$1,0),0),""""),""""))","=IF(ROUND(P26+Q26+R26+S26,2)<O26,O26,ROUND(P26+Q26+R26+S26,2))",=Period!$A$2,=Period!$B$2,Variable,,"=SUMIFS('3)Target & Cal_Staff'!BN:BN,'3)Target & Cal_Staff'!BM:BM,'1) For HR'!A26)","=SUMIFS('3)Target & Cal_Sect'!BN:BN,'3)Target & Cal_Sect'!BM:BM,'1) For HR'!A26)","=SUMIFS('3)Target & Cal_Dept'!BN:BN,'3)Target & Cal_Dept'!BM:BM,'1) For HR'!A26)","=SUMIFS('3)Target & Cal_AD'!BN:BN,'3)Target & Cal_AD'!BM:BM,'1) For HR'!A26)"
27,222201,"=IF(IF(VLOOKUP(A27,ASTBase!F:P,11,FALSE)="""","""",VLOOKUP(A27,ASTBase!F:P,11,FALSE))=0,"""",IF(VLOOKUP(A27,ASTBase!F:P,11,FALSE)="""","""",VLOOKUP(A27,ASTBase!F:P,11,FALSE)))","=IF(IFERROR(_xlfn.IFNA(VLOOKUP($A27,'HR Rep'!$A:$X,MATCH('1) For HR'!C$1,'HR Rep'!$A$1:$X$1,0),0),""""),"""")="""","""",IFERROR(_xlfn.IFNA(VLOOKUP($A27,'HR Rep'!$A:$X,MATCH('1) For HR'!C$1,'HR Rep'!$A$1:$X$1,0),0),""""),""""))","=IF(IFERROR(_xlfn.IFNA(VLOOKUP($A27,'HR Rep'!$A:$X,MATCH('1) For HR'!D$1,'HR Rep'!$A$1:$X$1,0),0),""""),"""")="""","""",IFERROR(_xlfn.IFNA(VLOOKUP($A27,'HR Rep'!$A:$X,MATCH('1) For HR'!D$1,'HR Rep'!$A$1:$X$1,0),0),""""),""""))","=IF(IFERROR(_xlfn.IFNA(VLOOKUP($A27,'HR Rep'!$A:$X,MATCH('1) For HR'!E$1,'HR Rep'!$A$1:$X$1,0),0),""""),"""")="""","""",IFERROR(_xlfn.IFNA(VLOOKUP($A27,'HR Rep'!$A:$X,MATCH('1) For HR'!E$1,'HR Rep'!$A$1:$X$1,0),0),""""),""""))","=IF(IFERROR(_xlfn.IFNA(VLOOKUP($A27,'HR Rep'!$A:$X,MATCH('1) For HR'!F$1,'HR Rep'!$A$1:$X$1,0),0),""""),"""")="""","""",IFERROR(_xlfn.IFNA(VLOOKUP($A27,'HR Rep'!$A:$X,MATCH('1) For HR'!F$1,'HR Rep'!$A$1:$X$1,0),0),""""),""""))",MT Staff,"=IF(IFERROR(_xlfn.IFNA(VLOOKUP($A27,'HR Rep'!$A:$X,MATCH('1) For HR'!H$1,'HR Rep'!$A$1:$X$1,0),0),""""),"""")="""","""",IFERROR(_xlfn.IFNA(VLOOKUP($A27,'HR Rep'!$A:$X,MATCH('1) For HR'!H$1,'HR Rep'!$A$1:$X$1,0),0),""""),""""))","=IF(IFERROR(_xlfn.IFNA(VLOOKUP($A27,'HR Rep'!$A:$X,MATCH('1) For HR'!I$1,'HR Rep'!$A$1:$X$1,0),0),""""),"""")="""","""",IFERROR(_xlfn.IFNA(VLOOKUP($A27,'HR Rep'!$A:$X,MATCH('1) For HR'!I$1,'HR Rep'!$A$1:$X$1,0),0),""""),""""))","=IF(IFERROR(_xlfn.IFNA(VLOOKUP($A27,'HR Rep'!$A:$X,MATCH('1) For HR'!J$1,'HR Rep'!$A$1:$X$1,0),0),""""),"""")="""","""",IFERROR(_xlfn.IFNA(VLOOKUP($A27,'HR Rep'!$A:$X,MATCH('1) For HR'!J$1,'HR Rep'!$A$1:$X$1,0),0),""""),""""))","=IF(ROUND(P27+Q27+R27+S27,2)<O27,O27,ROUND(P27+Q27+R27+S27,2))",=Period!$A$2,=Period!$B$2,Variable,,"=SUMIFS('3)Target & Cal_Staff'!BN:BN,'3)Target & Cal_Staff'!BM:BM,'1) For HR'!A27)","=SUMIFS('3)Target & Cal_Sect'!BN:BN,'3)Target & Cal_Sect'!BM:BM,'1) For HR'!A27)","=SUMIFS('3)Target & Cal_Dept'!BN:BN,'3)Target & Cal_Dept'!BM:BM,'1) For HR'!A27)","=SUMIFS('3)Target & Cal_AD'!BN:BN,'3)Target & Cal_AD'!BM:BM,'1) For HR'!A27)"
28,222220,"=IF(IF(VLOOKUP(A28,ASTBase!F:P,11,FALSE)="""","""",VLOOKUP(A28,ASTBase!F:P,11,FALSE))=0,"""",IF(VLOOKUP(A28,ASTBase!F:P,11,FALSE)="""","""",VLOOKUP(A28,ASTBase!F:P,11,FALSE)))","=IF(IFERROR(_xlfn.IFNA(VLOOKUP($A28,'HR Rep'!$A:$X,MATCH('1) For HR'!C$1,'HR Rep'!$A$1:$X$1,0),0),""""),"""")="""","""",IFERROR(_xlfn.IFNA(VLOOKUP($A28,'HR Rep'!$A:$X,MATCH('1) For HR'!C$1,'HR Rep'!$A$1:$X$1,0),0),""""),""""))","=IF(IFERROR(_xlfn.IFNA(VLOOKUP($A28,'HR Rep'!$A:$X,MATCH('1) For HR'!D$1,'HR Rep'!$A$1:$X$1,0),0),""""),"""")="""","""",IFERROR(_xlfn.IFNA(VLOOKUP($A28,'HR Rep'!$A:$X,MATCH('1) For HR'!D$1,'HR Rep'!$A$1:$X$1,0),0),""""),""""))","=IF(IFERROR(_xlfn.IFNA(VLOOKUP($A28,'HR Rep'!$A:$X,MATCH('1) For HR'!E$1,'HR Rep'!$A$1:$X$1,0),0),""""),"""")="""","""",IFERROR(_xlfn.IFNA(VLOOKUP($A28,'HR Rep'!$A:$X,MATCH('1) For HR'!E$1,'HR Rep'!$A$1:$X$1,0),0),""""),""""))","=IF(IFERROR(_xlfn.IFNA(VLOOKUP($A28,'HR Rep'!$A:$X,MATCH('1) For HR'!F$1,'HR Rep'!$A$1:$X$1,0),0),""""),"""")="""","""",IFERROR(_xlfn.IFNA(VLOOKUP($A28,'HR Rep'!$A:$X,MATCH('1) For HR'!F$1,'HR Rep'!$A$1:$X$1,0),0),""""),""""))",MT Staff,"=IF(IFERROR(_xlfn.IFNA(VLOOKUP($A28,'HR Rep'!$A:$X,MATCH('1) For HR'!H$1,'HR Rep'!$A$1:$X$1,0),0),""""),"""")="""","""",IFERROR(_xlfn.IFNA(VLOOKUP($A28,'HR Rep'!$A:$X,MATCH('1) For HR'!H$1,'HR Rep'!$A$1:$X$1,0),0),""""),""""))","=IF(IFERROR(_xlfn.IFNA(VLOOKUP($A28,'HR Rep'!$A:$X,MATCH('1) For HR'!I$1,'HR Rep'!$A$1:$X$1,0),0),""""),"""")="""","""",IFERROR(_xlfn.IFNA(VLOOKUP($A28,'HR Rep'!$A:$X,MATCH('1) For HR'!I$1,'HR Rep'!$A$1:$X$1,0),0),""""),""""))","=IF(IFERROR(_xlfn.IFNA(VLOOKUP($A28,'HR Rep'!$A:$X,MATCH('1) For HR'!J$1,'HR Rep'!$A$1:$X$1,0),0),""""),"""")="""","""",IFERROR(_xlfn.IFNA(VLOOKUP($A28,'HR Rep'!$A:$X,MATCH('1) For HR'!J$1,'HR Rep'!$A$1:$X$1,0),0),""""),""""))","=IF(ROUND(P28+Q28+R28+S28,2)<O28,O28,ROUND(P28+Q28+R28+S28,2))",=Period!$A$2,=Period!$B$2,Variable,,"=SUMIFS('3)Target & Cal_Staff'!BN:BN,'3)Target & Cal_Staff'!BM:BM,'1) For HR'!A28)","=SUMIFS('3)Target & Cal_Sect'!BN:BN,'3)Target & Cal_Sect'!BM:BM,'1) For HR'!A28)","=SUMIFS('3)Target & Cal_Dept'!BN:BN,'3)Target & Cal_Dept'!BM:BM,'1) For HR'!A28)","=SUMIFS('3)Target & Cal_AD'!BN:BN,'3)Target & Cal_AD'!BM:BM,'1) For HR'!A28)"
29,,,,,,,,,,,,,,,,,,,
30,,,,,,,,,,,,,,,,,,,
31,,,,,,,,,,,,,,,,,,,
32,,,,,,,,,,,,,,,,,,,
33,,,,,,,,,,,,,,,,,,,
34,,,,,,,,,,,,,,,,,,,
35,,,,,,,,,,,,,,,,,,,
